,Survived,Pclass,Sex,Age,Fare,Embarked,title,companion
0,0,3rd,male,22,7.2,Southampton,LR,1
1,1,1st,female,38,71.3,Cherbourg,LR,1
2,1,3rd,female,26,7.9,Southampton,LR,0
3,1,1st,female,35,53.1,Southampton,LR,1
4,0,3rd,male,35,8.1,Southampton,LR,0
5,0,3rd,male,29,8.5,Queenstown,LR,0
6,0,1st,male,54,51.9,Southampton,LR,0
7,0,3rd,male,2,21.1,Southampton,HR,1
8,1,3rd,female,27,11.1,Southampton,LR,1
9,1,2nd,female,14,30.1,Cherbourg,LR,1
10,1,3rd,female,4,16.7,Southampton,LR,1
11,1,1st,female,58,26.6,Southampton,LR,0
12,0,3rd,male,20,8.1,Southampton,LR,0
13,0,3rd,male,39,31.3,Southampton,LR,1
14,0,3rd,female,14,7.9,Southampton,LR,0
15,1,2nd,female,55,16.0,Southampton,LR,0
16,0,3rd,male,2,29.1,Queenstown,HR,1
17,1,2nd,male,29,13.0,Southampton,LR,0
18,0,3rd,female,31,18.0,Southampton,LR,1
19,1,3rd,female,29,7.2,Cherbourg,LR,0
20,0,2nd,male,35,26.0,Southampton,LR,0
21,1,2nd,male,34,13.0,Southampton,LR,0
22,1,3rd,female,15,8.0,Queenstown,LR,0
23,1,1st,male,28,35.5,Southampton,LR,0
24,0,3rd,female,8,21.1,Southampton,LR,1
25,1,3rd,female,38,31.4,Southampton,LR,1
26,0,3rd,male,29,7.2,Cherbourg,LR,0
27,0,1st,male,19,263.0,Southampton,LR,1
28,1,3rd,female,29,7.9,Queenstown,LR,0
29,0,3rd,male,29,7.9,Southampton,LR,0
30,0,1st,male,40,27.7,Cherbourg,HR,0
31,1,1st,female,29,146.5,Cherbourg,LR,1
32,1,3rd,female,29,7.8,Queenstown,LR,0
33,0,2nd,male,66,10.5,Southampton,LR,0
34,0,1st,male,28,82.2,Cherbourg,LR,1
35,0,1st,male,42,52.0,Southampton,LR,1
36,1,3rd,male,29,7.2,Cherbourg,LR,0
37,0,3rd,male,21,8.1,Southampton,LR,0
38,0,3rd,female,18,18.0,Southampton,LR,1
39,1,3rd,female,14,11.2,Cherbourg,LR,1
40,0,3rd,female,40,9.5,Southampton,LR,1
41,0,2nd,female,27,21.0,Southampton,LR,1
42,0,3rd,male,29,7.9,Cherbourg,LR,0
43,1,2nd,female,3,41.6,Cherbourg,LR,1
44,1,3rd,female,19,7.9,Queenstown,LR,0
45,0,3rd,male,29,8.1,Southampton,LR,0
46,0,3rd,male,29,15.5,Queenstown,LR,1
47,1,3rd,female,29,7.8,Queenstown,LR,0
48,0,3rd,male,29,21.7,Cherbourg,LR,1
49,0,3rd,female,18,17.8,Southampton,LR,1
50,0,3rd,male,7,39.7,Southampton,HR,1
51,0,3rd,male,21,7.8,Southampton,LR,0
52,1,1st,female,49,76.7,Cherbourg,LR,1
53,1,2nd,female,29,26.0,Southampton,LR,1
54,0,1st,male,65,62.0,Cherbourg,LR,1
55,1,1st,male,29,35.5,Southampton,LR,0
56,1,2nd,female,21,10.5,Southampton,LR,0
57,0,3rd,male,28,7.2,Cherbourg,LR,0
58,1,2nd,female,5,27.8,Southampton,LR,1
59,0,3rd,male,11,46.9,Southampton,HR,1
60,0,3rd,male,22,7.2,Cherbourg,LR,0
61,1,1st,female,38,80.0,Southampton,LR,0
62,0,1st,male,45,83.5,Southampton,LR,1
63,0,3rd,male,4,27.9,Southampton,HR,1
64,0,1st,male,29,27.7,Cherbourg,LR,0
65,1,3rd,male,29,15.2,Cherbourg,HR,1
66,1,2nd,female,29,10.5,Southampton,LR,0
67,0,3rd,male,19,8.2,Southampton,LR,0
68,1,3rd,female,17,7.9,Southampton,LR,1
69,0,3rd,male,26,8.7,Southampton,LR,1
70,0,2nd,male,32,10.5,Southampton,LR,0
71,0,3rd,female,16,46.9,Southampton,LR,1
72,0,2nd,male,21,73.5,Southampton,LR,0
73,0,3rd,male,26,14.5,Cherbourg,LR,1
74,1,3rd,male,32,56.5,Southampton,LR,0
75,0,3rd,male,25,7.7,Southampton,LR,0
76,0,3rd,male,29,7.9,Southampton,LR,0
77,0,3rd,male,29,8.1,Southampton,LR,0
78,1,2nd,male,0,29.0,Southampton,HR,1
79,1,3rd,female,30,12.5,Southampton,LR,0
80,0,3rd,male,22,9.0,Southampton,LR,0
81,1,3rd,male,29,9.5,Southampton,LR,0
82,1,3rd,female,29,7.8,Queenstown,LR,0
83,0,1st,male,28,47.1,Southampton,LR,0
84,1,2nd,female,17,10.5,Southampton,LR,0
85,1,3rd,female,33,15.8,Southampton,LR,1
86,0,3rd,male,16,34.4,Southampton,LR,1
87,0,3rd,male,29,8.1,Southampton,LR,0
88,1,1st,female,23,263.0,Southampton,LR,1
89,0,3rd,male,24,8.1,Southampton,LR,0
90,0,3rd,male,29,8.1,Southampton,LR,0
91,0,3rd,male,20,7.9,Southampton,LR,0
92,0,1st,male,46,61.2,Southampton,LR,1
93,0,3rd,male,26,20.6,Southampton,LR,1
94,0,3rd,male,59,7.2,Southampton,LR,0
95,0,3rd,male,29,8.1,Southampton,LR,0
96,0,1st,male,71,34.7,Cherbourg,LR,0
97,1,1st,male,23,63.4,Cherbourg,LR,1
98,1,2nd,female,34,23.0,Southampton,LR,1
99,0,2nd,male,34,26.0,Southampton,LR,1
100,0,3rd,female,28,7.9,Southampton,LR,0
101,0,3rd,male,29,7.9,Southampton,LR,0
102,0,1st,male,21,77.3,Southampton,LR,1
103,0,3rd,male,33,8.7,Southampton,LR,0
104,0,3rd,male,37,7.9,Southampton,LR,1
105,0,3rd,male,28,7.9,Southampton,LR,0
106,1,3rd,female,21,7.7,Southampton,LR,0
107,1,3rd,male,29,7.8,Southampton,LR,0
108,0,3rd,male,38,7.9,Southampton,LR,0
109,1,3rd,female,29,24.1,Queenstown,LR,1
110,0,1st,male,47,52.0,Southampton,LR,0
111,0,3rd,female,14,14.5,Cherbourg,LR,1
112,0,3rd,male,22,8.1,Southampton,LR,0
113,0,3rd,female,20,9.8,Southampton,LR,1
114,0,3rd,female,17,14.5,Cherbourg,LR,0
115,0,3rd,male,21,7.9,Southampton,LR,0
116,0,3rd,male,70,7.8,Queenstown,LR,0
117,0,2nd,male,29,21.0,Southampton,LR,1
118,0,1st,male,24,247.5,Cherbourg,LR,1
119,0,3rd,female,2,31.3,Southampton,LR,1
120,0,2nd,male,21,73.5,Southampton,LR,1
121,0,3rd,male,29,8.1,Southampton,LR,0
122,0,2nd,male,32,30.1,Cherbourg,LR,1
123,1,2nd,female,32,13.0,Southampton,LR,0
124,0,1st,male,54,77.3,Southampton,LR,1
125,1,3rd,male,12,11.2,Cherbourg,HR,1
126,0,3rd,male,29,7.8,Queenstown,LR,0
127,1,3rd,male,24,7.1,Southampton,LR,0
128,1,3rd,female,29,22.4,Cherbourg,LR,1
129,0,3rd,male,45,7.0,Southampton,LR,0
130,0,3rd,male,33,7.9,Cherbourg,LR,0
131,0,3rd,male,20,7.0,Southampton,LR,0
132,0,3rd,female,47,14.5,Southampton,LR,1
133,1,2nd,female,29,26.0,Southampton,LR,1
134,0,2nd,male,25,13.0,Southampton,LR,0
135,0,2nd,male,23,15.0,Cherbourg,LR,0
136,1,1st,female,19,26.3,Southampton,LR,1
137,0,1st,male,37,53.1,Southampton,LR,1
138,0,3rd,male,16,9.2,Southampton,LR,0
139,0,1st,male,24,79.2,Cherbourg,LR,0
140,0,3rd,female,29,15.2,Cherbourg,LR,1
141,1,3rd,female,22,7.8,Southampton,LR,0
142,1,3rd,female,24,15.8,Southampton,LR,1
143,0,3rd,male,19,6.8,Queenstown,LR,0
144,0,2nd,male,18,11.5,Southampton,LR,0
145,0,2nd,male,19,36.8,Southampton,LR,1
146,1,3rd,male,27,7.8,Southampton,LR,0
147,0,3rd,female,9,34.4,Southampton,LR,1
148,0,2nd,male,36,26.0,Southampton,LR,1
149,0,2nd,male,42,13.0,Southampton,HR,0
150,0,2nd,male,51,12.5,Southampton,HR,0
151,1,1st,female,22,66.6,Southampton,LR,1
152,0,3rd,male,55,8.1,Southampton,LR,0
153,0,3rd,male,40,14.5,Southampton,LR,1
154,0,3rd,male,29,7.3,Southampton,LR,0
155,0,1st,male,51,61.4,Cherbourg,LR,1
156,1,3rd,female,16,7.7,Queenstown,LR,0
157,0,3rd,male,30,8.1,Southampton,LR,0
158,0,3rd,male,29,8.7,Southampton,LR,0
159,0,3rd,male,29,69.5,Southampton,HR,1
160,0,3rd,male,44,16.1,Southampton,LR,1
161,1,2nd,female,40,15.8,Southampton,LR,0
162,0,3rd,male,26,7.8,Southampton,LR,0
163,0,3rd,male,17,8.7,Southampton,LR,0
164,0,3rd,male,1,39.7,Southampton,HR,1
165,1,3rd,male,9,20.5,Southampton,HR,1
166,1,1st,female,29,55.0,Southampton,LR,1
167,0,3rd,female,45,27.9,Southampton,LR,1
168,0,1st,male,29,25.9,Southampton,LR,0
169,0,3rd,male,28,56.5,Southampton,LR,0
170,0,1st,male,61,33.5,Southampton,LR,0
171,0,3rd,male,4,29.1,Queenstown,HR,1
172,1,3rd,female,1,11.1,Southampton,LR,1
173,0,3rd,male,21,7.9,Southampton,LR,0
174,0,1st,male,56,30.7,Cherbourg,LR,0
175,0,3rd,male,18,7.9,Southampton,LR,1
176,0,3rd,male,29,25.5,Southampton,HR,1
177,0,1st,female,50,28.7,Cherbourg,LR,0
178,0,2nd,male,30,13.0,Southampton,LR,0
179,0,3rd,male,36,0.0,Southampton,LR,0
180,0,3rd,female,29,69.5,Southampton,LR,1
181,0,2nd,male,29,15.1,Cherbourg,LR,0
182,0,3rd,male,9,31.4,Southampton,HR,1
183,1,2nd,male,1,39.0,Southampton,HR,1
184,1,3rd,female,4,22.0,Southampton,LR,1
185,0,1st,male,29,50.0,Southampton,LR,0
186,1,3rd,female,29,15.5,Queenstown,LR,1
187,1,1st,male,45,26.6,Southampton,LR,0
188,0,3rd,male,40,15.5,Queenstown,LR,1
189,0,3rd,male,36,7.9,Southampton,LR,0
190,1,2nd,female,32,13.0,Southampton,LR,0
191,0,2nd,male,19,13.0,Southampton,LR,0
192,1,3rd,female,19,7.9,Southampton,LR,1
193,1,2nd,male,3,26.0,Southampton,HR,1
194,1,1st,female,44,27.7,Cherbourg,LR,0
195,1,1st,female,58,146.5,Cherbourg,LR,0
196,0,3rd,male,29,7.8,Queenstown,LR,0
197,0,3rd,male,42,8.4,Southampton,LR,1
198,1,3rd,female,29,7.8,Queenstown,LR,0
199,0,2nd,female,24,13.0,Southampton,LR,0
200,0,3rd,male,28,9.5,Southampton,LR,0
201,0,3rd,male,29,69.5,Southampton,LR,1
202,0,3rd,male,34,6.5,Southampton,LR,0
203,0,3rd,male,45,7.2,Cherbourg,LR,0
204,1,3rd,male,18,8.1,Southampton,LR,0
205,0,3rd,female,2,10.5,Southampton,LR,1
206,0,3rd,male,32,15.8,Southampton,LR,1
207,1,3rd,male,26,18.8,Cherbourg,LR,0
208,1,3rd,female,16,7.8,Queenstown,LR,0
209,1,1st,male,40,31.0,Cherbourg,LR,0
210,0,3rd,male,24,7.0,Southampton,LR,0
211,1,2nd,female,35,21.0,Southampton,LR,0
212,0,3rd,male,22,7.2,Southampton,LR,0
213,0,2nd,male,30,13.0,Southampton,LR,0
214,0,3rd,male,29,7.8,Queenstown,LR,1
215,1,1st,female,31,113.3,Cherbourg,LR,1
216,1,3rd,female,27,7.9,Southampton,LR,0
217,0,2nd,male,42,27.0,Southampton,LR,1
218,1,1st,female,32,76.3,Cherbourg,LR,0
219,0,2nd,male,30,10.5,Southampton,LR,0
220,1,3rd,male,16,8.1,Southampton,LR,0
221,0,2nd,male,27,13.0,Southampton,LR,0
222,0,3rd,male,51,8.1,Southampton,LR,0
223,0,3rd,male,29,7.9,Southampton,LR,0
224,1,1st,male,38,90.0,Southampton,LR,1
225,0,3rd,male,22,9.3,Southampton,LR,0
226,1,2nd,male,19,10.5,Southampton,LR,0
227,0,3rd,male,20,7.2,Southampton,LR,0
228,0,2nd,male,18,13.0,Southampton,LR,0
229,0,3rd,female,29,25.5,Southampton,LR,1
230,1,1st,female,35,83.5,Southampton,LR,1
231,0,3rd,male,29,7.8,Southampton,LR,0
232,0,2nd,male,59,13.5,Southampton,LR,0
233,1,3rd,female,5,31.4,Southampton,LR,1
234,0,2nd,male,24,10.5,Southampton,LR,0
235,0,3rd,female,29,7.5,Southampton,LR,0
236,0,2nd,male,44,26.0,Southampton,LR,1
237,1,2nd,female,8,26.2,Southampton,LR,1
238,0,2nd,male,19,10.5,Southampton,LR,0
239,0,2nd,male,33,12.3,Southampton,LR,0
240,0,3rd,female,29,14.5,Cherbourg,LR,1
241,1,3rd,female,29,15.5,Queenstown,LR,1
242,0,2nd,male,29,10.5,Southampton,LR,0
243,0,3rd,male,22,7.1,Southampton,LR,0
244,0,3rd,male,30,7.2,Cherbourg,LR,0
245,0,1st,male,44,90.0,Queenstown,HR,1
246,0,3rd,female,25,7.8,Southampton,LR,0
247,1,2nd,female,24,14.5,Southampton,LR,1
248,1,1st,male,37,52.6,Southampton,LR,1
249,0,2nd,male,54,26.0,Southampton,HR,1
250,0,3rd,male,29,7.2,Southampton,LR,0
251,0,3rd,female,29,10.5,Southampton,LR,1
252,0,1st,male,62,26.6,Southampton,LR,0
253,0,3rd,male,30,16.1,Southampton,LR,1
254,0,3rd,female,41,20.2,Southampton,LR,1
255,1,3rd,female,29,15.2,Cherbourg,LR,1
256,1,1st,female,29,79.2,Cherbourg,LR,0
257,1,1st,female,30,86.5,Southampton,LR,0
258,1,1st,female,35,512.3,Cherbourg,LR,0
259,1,2nd,female,50,26.0,Southampton,LR,1
260,0,3rd,male,29,7.8,Queenstown,LR,0
261,1,3rd,male,3,31.4,Southampton,HR,1
262,0,1st,male,52,79.7,Southampton,LR,1
263,0,1st,male,40,0.0,Southampton,LR,0
264,0,3rd,female,29,7.8,Queenstown,LR,0
265,0,2nd,male,36,10.5,Southampton,LR,0
266,0,3rd,male,16,39.7,Southampton,LR,1
267,1,3rd,male,25,7.8,Southampton,LR,1
268,1,1st,female,58,153.5,Southampton,LR,1
269,1,1st,female,35,135.6,Southampton,LR,0
270,0,1st,male,29,31.0,Southampton,LR,0
271,1,3rd,male,25,0.0,Southampton,LR,0
272,1,2nd,female,41,19.5,Southampton,LR,1
273,0,1st,male,37,29.7,Cherbourg,LR,1
274,1,3rd,female,29,7.8,Queenstown,LR,0
275,1,1st,female,63,78.0,Southampton,LR,1
276,0,3rd,female,45,7.8,Southampton,LR,0
277,0,2nd,male,29,0.0,Southampton,LR,0
278,0,3rd,male,7,29.1,Queenstown,HR,1
279,1,3rd,female,35,20.2,Southampton,LR,1
280,0,3rd,male,65,7.8,Queenstown,LR,0
281,0,3rd,male,28,7.9,Southampton,LR,0
282,0,3rd,male,16,9.5,Southampton,LR,0
283,1,3rd,male,19,8.1,Southampton,LR,0
284,0,1st,male,29,26.0,Southampton,LR,0
285,0,3rd,male,33,8.7,Cherbourg,LR,0
286,1,3rd,male,30,9.5,Southampton,LR,0
287,0,3rd,male,22,7.9,Southampton,LR,0
288,1,2nd,male,42,13.0,Southampton,LR,0
289,1,3rd,female,22,7.8,Queenstown,LR,0
290,1,1st,female,26,78.8,Southampton,LR,0
291,1,1st,female,19,91.1,Cherbourg,LR,1
292,0,2nd,male,36,12.9,Cherbourg,LR,0
293,0,3rd,female,24,8.8,Southampton,LR,0
294,0,3rd,male,24,7.9,Southampton,LR,0
295,0,1st,male,29,27.7,Cherbourg,LR,0
296,0,3rd,male,23,7.2,Cherbourg,LR,0
297,0,1st,female,2,151.6,Southampton,LR,1
298,1,1st,male,29,30.5,Southampton,LR,0
299,1,1st,female,50,247.5,Cherbourg,LR,1
300,1,3rd,female,29,7.8,Queenstown,LR,0
301,1,3rd,male,29,23.2,Queenstown,LR,1
302,0,3rd,male,19,0.0,Southampton,LR,0
303,1,2nd,female,29,12.3,Queenstown,LR,0
304,0,3rd,male,29,8.1,Southampton,LR,0
305,1,1st,male,0,151.6,Southampton,HR,1
306,1,1st,female,29,110.9,Cherbourg,LR,0
307,1,1st,female,17,108.9,Cherbourg,LR,1
308,0,2nd,male,30,24.0,Cherbourg,LR,1
309,1,1st,female,30,56.9,Cherbourg,LR,0
310,1,1st,female,24,83.2,Cherbourg,LR,0
311,1,1st,female,18,262.4,Cherbourg,LR,1
312,0,2nd,female,26,26.0,Southampton,LR,1
313,0,3rd,male,28,7.9,Southampton,LR,0
314,0,2nd,male,43,26.2,Southampton,LR,1
315,1,3rd,female,26,7.9,Southampton,LR,0
316,1,2nd,female,24,26.0,Southampton,LR,1
317,0,2nd,male,54,14.0,Southampton,HR,0
318,1,1st,female,31,164.9,Southampton,LR,1
319,1,1st,female,40,134.5,Cherbourg,LR,1
320,0,3rd,male,22,7.2,Southampton,LR,0
321,0,3rd,male,27,7.9,Southampton,LR,0
322,1,2nd,female,30,12.3,Queenstown,LR,0
323,1,2nd,female,22,29.0,Southampton,LR,1
324,0,3rd,male,29,69.5,Southampton,LR,1
325,1,1st,female,36,135.6,Cherbourg,LR,0
326,0,3rd,male,61,6.2,Southampton,LR,0
327,1,2nd,female,36,13.0,Southampton,LR,0
328,1,3rd,female,31,20.5,Southampton,LR,1
329,1,1st,female,16,58.0,Cherbourg,LR,1
330,1,3rd,female,29,23.2,Queenstown,LR,1
331,0,1st,male,45,28.5,Southampton,LR,0
332,0,1st,male,38,153.5,Southampton,LR,1
333,0,3rd,male,16,18.0,Southampton,LR,1
334,1,1st,female,29,133.7,Southampton,LR,1
335,0,3rd,male,29,7.9,Southampton,LR,0
336,0,1st,male,29,66.6,Southampton,LR,1
337,1,1st,female,41,134.5,Cherbourg,LR,0
338,1,3rd,male,45,8.1,Southampton,LR,0
339,0,1st,male,45,35.5,Southampton,LR,0
340,1,2nd,male,2,26.0,Southampton,HR,1
341,1,1st,female,24,263.0,Southampton,LR,1
342,0,2nd,male,28,13.0,Southampton,LR,0
343,0,2nd,male,25,13.0,Southampton,LR,0
344,0,2nd,male,36,13.0,Southampton,LR,0
345,1,2nd,female,24,13.0,Southampton,LR,0
346,1,2nd,female,40,13.0,Southampton,LR,0
347,1,3rd,female,29,16.1,Southampton,LR,1
348,1,3rd,male,3,15.9,Southampton,HR,1
349,0,3rd,male,42,8.7,Southampton,LR,0
350,0,3rd,male,23,9.2,Southampton,LR,0
351,0,1st,male,29,35.0,Southampton,LR,0
352,0,3rd,male,15,7.2,Cherbourg,LR,1
353,0,3rd,male,25,17.8,Southampton,LR,1
354,0,3rd,male,29,7.2,Cherbourg,LR,0
355,0,3rd,male,28,9.5,Southampton,LR,0
356,1,1st,female,22,55.0,Southampton,LR,1
357,0,2nd,female,38,13.0,Southampton,LR,0
358,1,3rd,female,29,7.9,Queenstown,LR,0
359,1,3rd,female,29,7.9,Queenstown,LR,0
360,0,3rd,male,40,27.9,Southampton,LR,1
361,0,2nd,male,29,27.7,Cherbourg,LR,1
362,0,3rd,female,45,14.5,Cherbourg,LR,1
363,0,3rd,male,35,7.0,Southampton,LR,0
364,0,3rd,male,29,15.5,Queenstown,LR,1
365,0,3rd,male,30,7.2,Southampton,LR,0
366,1,1st,female,60,75.2,Cherbourg,LR,1
367,1,3rd,female,29,7.2,Cherbourg,LR,0
368,1,3rd,female,29,7.8,Queenstown,LR,0
369,1,1st,female,24,69.3,Cherbourg,HR,0
370,1,1st,male,25,55.4,Cherbourg,LR,1
371,0,3rd,male,18,6.5,Southampton,LR,1
372,0,3rd,male,19,8.1,Southampton,LR,0
373,0,1st,male,22,135.6,Cherbourg,LR,0
374,0,3rd,female,3,21.1,Southampton,LR,1
375,1,1st,female,29,82.2,Cherbourg,LR,1
376,1,3rd,female,22,7.2,Southampton,LR,0
377,0,1st,male,27,211.5,Cherbourg,LR,1
378,0,3rd,male,20,4.0,Cherbourg,LR,0
379,0,3rd,male,19,7.8,Southampton,LR,0
380,1,1st,female,42,227.5,Cherbourg,LR,0
381,1,3rd,female,1,15.7,Cherbourg,LR,1
382,0,3rd,male,32,7.9,Southampton,LR,0
383,1,1st,female,35,52.0,Southampton,LR,1
384,0,3rd,male,29,7.9,Southampton,LR,0
385,0,2nd,male,18,73.5,Southampton,LR,0
386,0,3rd,male,1,46.9,Southampton,HR,1
387,1,2nd,female,36,13.0,Southampton,LR,0
388,0,3rd,male,29,7.7,Queenstown,LR,0
389,1,2nd,female,17,12.0,Cherbourg,LR,0
390,1,1st,male,36,120.0,Southampton,LR,1
391,1,3rd,male,21,7.8,Southampton,LR,0
392,0,3rd,male,28,7.9,Southampton,LR,1
393,1,1st,female,23,113.3,Cherbourg,LR,1
394,1,3rd,female,24,16.7,Southampton,LR,1
395,0,3rd,male,22,7.8,Southampton,LR,0
396,0,3rd,female,31,7.9,Southampton,LR,0
397,0,2nd,male,46,26.0,Southampton,LR,0
398,0,2nd,male,23,10.5,Southampton,HR,0
399,1,2nd,female,28,12.7,Southampton,LR,0
400,1,3rd,male,39,7.9,Southampton,LR,0
401,0,3rd,male,26,8.1,Southampton,LR,0
402,0,3rd,female,21,9.8,Southampton,LR,1
403,0,3rd,male,28,15.8,Southampton,LR,1
404,0,3rd,female,20,8.7,Southampton,LR,0
405,0,2nd,male,34,21.0,Southampton,LR,1
406,0,3rd,male,51,7.8,Southampton,LR,0
407,1,2nd,male,3,18.8,Southampton,HR,1
408,0,3rd,male,21,7.8,Southampton,LR,0
409,0,3rd,female,29,25.5,Southampton,LR,1
410,0,3rd,male,29,7.9,Southampton,LR,0
411,0,3rd,male,29,6.9,Queenstown,LR,0
412,1,1st,female,33,90.0,Queenstown,LR,1
413,0,2nd,male,29,0.0,Southampton,LR,0
414,1,3rd,male,44,7.9,Southampton,LR,0
415,0,3rd,female,29,8.1,Southampton,LR,0
416,1,2nd,female,34,32.5,Southampton,LR,1
417,1,2nd,female,18,13.0,Southampton,LR,1
418,0,2nd,male,30,13.0,Southampton,LR,0
419,0,3rd,female,10,24.1,Southampton,LR,1
420,0,3rd,male,29,7.9,Cherbourg,LR,0
421,0,3rd,male,21,7.7,Queenstown,LR,0
422,0,3rd,male,29,7.9,Southampton,LR,0
423,0,3rd,female,28,14.4,Southampton,LR,1
424,0,3rd,male,18,20.2,Southampton,LR,1
425,0,3rd,male,29,7.2,Southampton,LR,0
426,1,2nd,female,28,26.0,Southampton,LR,1
427,1,2nd,female,19,26.0,Southampton,LR,0
428,0,3rd,male,29,7.8,Queenstown,LR,0
429,1,3rd,male,32,8.1,Southampton,LR,0
430,1,1st,male,28,26.6,Southampton,LR,0
431,1,3rd,female,29,16.1,Southampton,LR,1
432,1,2nd,female,42,26.0,Southampton,LR,1
433,0,3rd,male,17,7.1,Southampton,LR,0
434,0,1st,male,50,55.9,Southampton,LR,1
435,1,1st,female,14,120.0,Southampton,LR,1
436,0,3rd,female,21,34.4,Southampton,LR,1
437,1,2nd,female,24,18.8,Southampton,LR,1
438,0,1st,male,64,263.0,Southampton,LR,1
439,0,2nd,male,31,10.5,Southampton,LR,0
440,1,2nd,female,45,26.2,Southampton,LR,1
441,0,3rd,male,20,9.5,Southampton,LR,0
442,0,3rd,male,25,7.8,Southampton,LR,1
443,1,2nd,female,28,13.0,Southampton,LR,0
444,1,3rd,male,29,8.1,Southampton,LR,0
445,1,1st,male,4,81.9,Southampton,HR,1
446,1,2nd,female,13,19.5,Southampton,LR,1
447,1,1st,male,34,26.6,Southampton,LR,0
448,1,3rd,female,5,19.3,Cherbourg,LR,1
449,1,1st,male,52,30.5,Southampton,HR,0
450,0,2nd,male,36,27.8,Southampton,LR,1
451,0,3rd,male,29,20.0,Southampton,LR,1
452,0,1st,male,30,27.8,Cherbourg,LR,0
453,1,1st,male,49,89.1,Cherbourg,LR,1
454,0,3rd,male,29,8.1,Southampton,LR,0
455,1,3rd,male,29,7.9,Cherbourg,LR,0
456,0,1st,male,65,26.6,Southampton,LR,0
457,1,1st,female,29,51.9,Southampton,LR,1
458,1,2nd,female,50,10.5,Southampton,LR,0
459,0,3rd,male,29,7.8,Queenstown,LR,0
460,1,1st,male,48,26.6,Southampton,LR,0
461,0,3rd,male,34,8.1,Southampton,LR,0
462,0,1st,male,47,38.5,Southampton,LR,0
463,0,2nd,male,48,13.0,Southampton,LR,0
464,0,3rd,male,29,8.1,Southampton,LR,0
465,0,3rd,male,38,7.0,Southampton,LR,0
466,0,2nd,male,29,0.0,Southampton,LR,0
467,0,1st,male,56,26.6,Southampton,LR,0
468,0,3rd,male,29,7.7,Queenstown,LR,0
469,1,3rd,female,0,19.3,Cherbourg,LR,1
470,0,3rd,male,29,7.2,Southampton,LR,0
471,0,3rd,male,38,8.7,Southampton,LR,0
472,1,2nd,female,33,27.8,Southampton,LR,1
473,1,2nd,female,23,13.8,Cherbourg,LR,0
474,0,3rd,female,22,9.8,Southampton,LR,0
475,0,1st,male,29,52.0,Southampton,LR,0
476,0,2nd,male,34,21.0,Southampton,LR,1
477,0,3rd,male,29,7.0,Southampton,LR,1
478,0,3rd,male,22,7.5,Southampton,LR,0
479,1,3rd,female,2,12.3,Southampton,LR,1
480,0,3rd,male,9,46.9,Southampton,HR,1
481,0,2nd,male,29,0.0,Southampton,LR,0
482,0,3rd,male,50,8.1,Southampton,LR,0
483,1,3rd,female,63,9.6,Southampton,LR,0
484,1,1st,male,25,91.1,Cherbourg,LR,1
485,0,3rd,female,29,25.5,Southampton,LR,1
486,1,1st,female,35,90.0,Southampton,LR,1
487,0,1st,male,58,29.7,Cherbourg,LR,0
488,0,3rd,male,30,8.1,Southampton,LR,0
489,1,3rd,male,9,15.9,Southampton,HR,1
490,0,3rd,male,29,20.0,Southampton,LR,1
491,0,3rd,male,21,7.2,Southampton,LR,0
492,0,1st,male,55,30.5,Southampton,LR,0
493,0,1st,male,71,49.5,Cherbourg,LR,0
494,0,3rd,male,21,8.1,Southampton,LR,0
495,0,3rd,male,29,14.5,Cherbourg,LR,0
496,1,1st,female,54,78.3,Cherbourg,LR,1
497,0,3rd,male,29,15.1,Southampton,LR,0
498,0,1st,female,25,151.6,Southampton,LR,1
499,0,3rd,male,24,7.8,Southampton,LR,0
500,0,3rd,male,17,8.7,Southampton,LR,0
501,0,3rd,female,21,7.8,Queenstown,LR,0
502,0,3rd,female,29,7.6,Queenstown,LR,0
503,0,3rd,female,37,9.6,Southampton,LR,0
504,1,1st,female,16,86.5,Southampton,LR,0
505,0,1st,male,18,108.9,Cherbourg,LR,1
506,1,2nd,female,33,26.0,Southampton,LR,1
507,1,1st,male,29,26.6,Southampton,LR,0
508,0,3rd,male,28,22.5,Southampton,LR,0
509,1,3rd,male,26,56.5,Southampton,LR,0
510,1,3rd,male,29,7.8,Queenstown,LR,0
511,0,3rd,male,29,8.1,Southampton,LR,0
512,1,1st,male,36,26.3,Southampton,LR,0
513,1,1st,female,54,59.4,Cherbourg,LR,1
514,0,3rd,male,24,7.5,Southampton,LR,0
515,0,1st,male,47,34.0,Southampton,LR,0
516,1,2nd,female,34,10.5,Southampton,LR,0
517,0,3rd,male,29,24.1,Queenstown,LR,0
518,1,2nd,female,36,26.0,Southampton,LR,1
519,0,3rd,male,32,7.9,Southampton,LR,0
520,1,1st,female,30,93.5,Southampton,LR,0
521,0,3rd,male,22,7.9,Southampton,LR,0
522,0,3rd,male,29,7.2,Cherbourg,LR,0
523,1,1st,female,44,58.0,Cherbourg,LR,1
524,0,3rd,male,29,7.2,Cherbourg,LR,0
525,0,3rd,male,40,7.8,Queenstown,LR,0
526,1,2nd,female,50,10.5,Southampton,LR,0
527,0,1st,male,29,221.8,Southampton,LR,0
528,0,3rd,male,39,7.9,Southampton,LR,0
529,0,2nd,male,23,11.5,Southampton,LR,1
530,1,2nd,female,2,26.0,Southampton,LR,1
531,0,3rd,male,29,7.2,Cherbourg,LR,0
532,0,3rd,male,17,7.2,Cherbourg,LR,1
533,1,3rd,female,29,22.4,Cherbourg,LR,1
534,0,3rd,female,30,8.7,Southampton,LR,0
535,1,2nd,female,7,26.2,Southampton,LR,1
536,0,1st,male,45,26.6,Southampton,HR,0
537,1,1st,female,30,106.4,Cherbourg,LR,0
538,0,3rd,male,29,14.5,Southampton,LR,0
539,1,1st,female,22,49.5,Cherbourg,LR,1
540,1,1st,female,36,71.0,Southampton,LR,1
541,0,3rd,female,9,31.3,Southampton,LR,1
542,0,3rd,female,11,31.3,Southampton,LR,1
543,1,2nd,male,32,26.0,Southampton,LR,1
544,0,1st,male,50,106.4,Cherbourg,LR,1
545,0,1st,male,64,26.0,Southampton,LR,0
546,1,2nd,female,19,26.0,Southampton,LR,1
547,1,2nd,male,29,13.9,Cherbourg,LR,0
548,0,3rd,male,33,20.5,Southampton,LR,1
549,1,2nd,male,8,36.8,Southampton,HR,1
550,1,1st,male,17,110.9,Cherbourg,LR,1
551,0,2nd,male,27,26.0,Southampton,LR,0
552,0,3rd,male,29,7.8,Queenstown,LR,0
553,1,3rd,male,22,7.2,Cherbourg,LR,0
554,1,3rd,female,22,7.8,Southampton,LR,0
555,0,1st,male,62,26.6,Southampton,LR,0
556,1,1st,female,48,39.6,Cherbourg,HR,1
557,0,1st,male,29,227.5,Cherbourg,LR,0
558,1,1st,female,39,79.7,Southampton,LR,1
559,1,3rd,female,36,17.4,Southampton,LR,1
560,0,3rd,male,29,7.8,Queenstown,LR,0
561,0,3rd,male,40,7.9,Southampton,LR,0
562,0,2nd,male,28,13.5,Southampton,LR,0
563,0,3rd,male,29,8.1,Southampton,LR,0
564,0,3rd,female,29,8.1,Southampton,LR,0
565,0,3rd,male,24,24.1,Southampton,LR,1
566,0,3rd,male,19,7.9,Southampton,LR,0
567,0,3rd,female,29,21.1,Southampton,LR,1
568,0,3rd,male,29,7.2,Cherbourg,LR,0
569,1,3rd,male,32,7.9,Southampton,LR,0
570,1,2nd,male,62,10.5,Southampton,LR,0
571,1,1st,female,53,51.5,Southampton,LR,1
572,1,1st,male,36,26.4,Southampton,LR,0
573,1,3rd,female,29,7.8,Queenstown,LR,0
574,0,3rd,male,16,8.1,Southampton,LR,0
575,0,3rd,male,19,14.5,Southampton,LR,0
576,1,2nd,female,34,13.0,Southampton,LR,0
577,1,1st,female,39,55.9,Southampton,LR,1
578,0,3rd,female,29,14.5,Cherbourg,LR,1
579,1,3rd,male,32,7.9,Southampton,LR,0
580,1,2nd,female,25,30.0,Southampton,LR,1
581,1,1st,female,39,110.9,Cherbourg,LR,1
582,0,2nd,male,54,26.0,Southampton,LR,0
583,0,1st,male,36,40.1,Cherbourg,LR,0
584,0,3rd,male,29,8.7,Cherbourg,LR,0
585,1,1st,female,18,79.7,Southampton,LR,1
586,0,2nd,male,47,15.0,Southampton,LR,0
587,1,1st,male,60,79.2,Cherbourg,LR,1
588,0,3rd,male,22,8.1,Southampton,LR,0
589,0,3rd,male,29,8.1,Southampton,LR,0
590,0,3rd,male,35,7.1,Southampton,LR,0
591,1,1st,female,52,78.3,Cherbourg,LR,1
592,0,3rd,male,47,7.2,Southampton,LR,0
593,0,3rd,female,29,7.8,Queenstown,LR,1
594,0,2nd,male,37,26.0,Southampton,LR,1
595,0,3rd,male,36,24.1,Southampton,LR,1
596,1,2nd,female,29,33.0,Southampton,LR,0
597,0,3rd,male,49,0.0,Southampton,LR,0
598,0,3rd,male,29,7.2,Cherbourg,LR,0
599,1,1st,male,49,56.9,Cherbourg,HR,1
600,1,2nd,female,24,27.0,Southampton,LR,1
601,0,3rd,male,29,7.9,Southampton,LR,0
602,0,1st,male,29,42.4,Southampton,LR,0
603,0,3rd,male,44,8.1,Southampton,LR,0
604,1,1st,male,35,26.6,Cherbourg,LR,0
605,0,3rd,male,36,15.6,Southampton,LR,1
606,0,3rd,male,30,7.9,Southampton,LR,0
607,1,1st,male,27,30.5,Southampton,LR,0
608,1,2nd,female,22,41.6,Cherbourg,LR,1
609,1,1st,female,40,153.5,Southampton,LR,0
610,0,3rd,female,39,31.3,Southampton,LR,1
611,0,3rd,male,29,7.0,Southampton,LR,0
612,1,3rd,female,29,15.5,Queenstown,LR,1
613,0,3rd,male,29,7.8,Queenstown,LR,0
614,0,3rd,male,35,8.1,Southampton,LR,0
615,1,2nd,female,24,65.0,Southampton,LR,1
616,0,3rd,male,34,14.4,Southampton,LR,1
617,0,3rd,female,26,16.1,Southampton,LR,1
618,1,2nd,female,4,39.0,Southampton,LR,1
619,0,2nd,male,26,10.5,Southampton,LR,0
620,0,3rd,male,27,14.5,Cherbourg,LR,1
621,1,1st,male,42,52.6,Southampton,LR,1
622,1,3rd,male,20,15.7,Cherbourg,LR,1
623,0,3rd,male,21,7.9,Southampton,LR,0
624,0,3rd,male,21,16.1,Southampton,LR,0
625,0,1st,male,61,32.3,Southampton,LR,0
626,0,2nd,male,57,12.3,Queenstown,HR,0
627,1,1st,female,21,78.0,Southampton,LR,0
628,0,3rd,male,26,7.9,Southampton,LR,0
629,0,3rd,male,29,7.7,Queenstown,LR,0
630,1,1st,male,80,30.0,Southampton,LR,0
631,0,3rd,male,51,7.1,Southampton,LR,0
632,1,1st,male,32,30.5,Cherbourg,HR,0
633,0,1st,male,29,0.0,Southampton,LR,0
634,0,3rd,female,9,27.9,Southampton,LR,1
635,1,2nd,female,28,13.0,Southampton,LR,0
636,0,3rd,male,32,7.9,Southampton,LR,0
637,0,2nd,male,31,26.2,Southampton,LR,1
638,0,3rd,female,41,39.7,Southampton,LR,1
639,0,3rd,male,29,16.1,Southampton,LR,1
640,0,3rd,male,20,7.9,Southampton,LR,0
641,1,1st,female,24,69.3,Cherbourg,LR,0
642,0,3rd,female,2,27.9,Southampton,LR,1
643,1,3rd,male,29,56.5,Southampton,LR,0
644,1,3rd,female,0,19.3,Cherbourg,LR,1
645,1,1st,male,48,76.7,Cherbourg,LR,1
646,0,3rd,male,19,7.9,Southampton,LR,0
647,1,1st,male,56,35.5,Cherbourg,HR,0
648,0,3rd,male,29,7.5,Southampton,LR,0
649,1,3rd,female,23,7.5,Southampton,LR,0
650,0,3rd,male,29,7.9,Southampton,LR,0
651,1,2nd,female,18,23.0,Southampton,LR,1
652,0,3rd,male,21,8.4,Southampton,LR,0
653,1,3rd,female,29,7.8,Queenstown,LR,0
654,0,3rd,female,18,6.8,Queenstown,LR,0
655,0,2nd,male,24,73.5,Southampton,LR,1
656,0,3rd,male,29,7.9,Southampton,LR,0
657,0,3rd,female,32,15.5,Queenstown,LR,1
658,0,2nd,male,23,13.0,Southampton,LR,0
659,0,1st,male,58,113.3,Cherbourg,LR,1
660,1,1st,male,50,133.7,Southampton,HR,1
661,0,3rd,male,40,7.2,Cherbourg,LR,0
662,0,1st,male,47,25.6,Southampton,LR,0
663,0,3rd,male,36,7.5,Southampton,LR,0
664,1,3rd,male,20,7.9,Southampton,LR,1
665,0,2nd,male,32,73.5,Southampton,LR,1
666,0,2nd,male,25,13.0,Southampton,LR,0
667,0,3rd,male,29,7.8,Southampton,LR,0
668,0,3rd,male,43,8.1,Southampton,LR,0
669,1,1st,female,29,52.0,Southampton,LR,1
670,1,2nd,female,40,39.0,Southampton,LR,1
671,0,1st,male,31,52.0,Southampton,LR,1
672,0,2nd,male,70,10.5,Southampton,LR,0
673,1,2nd,male,31,13.0,Southampton,LR,0
674,0,2nd,male,29,0.0,Southampton,LR,0
675,0,3rd,male,18,7.8,Southampton,LR,0
676,0,3rd,male,24,8.1,Southampton,LR,0
677,1,3rd,female,18,9.8,Southampton,LR,0
678,0,3rd,female,43,46.9,Southampton,LR,1
679,1,1st,male,36,512.3,Cherbourg,LR,1
680,0,3rd,female,29,8.1,Queenstown,LR,0
681,1,1st,male,27,76.7,Cherbourg,LR,0
682,0,3rd,male,20,9.2,Southampton,LR,0
683,0,3rd,male,14,46.9,Southampton,LR,1
684,0,2nd,male,60,39.0,Southampton,LR,1
685,0,2nd,male,25,41.6,Cherbourg,LR,1
686,0,3rd,male,14,39.7,Southampton,LR,1
687,0,3rd,male,19,10.2,Southampton,LR,0
688,0,3rd,male,18,7.8,Southampton,LR,0
689,1,1st,female,15,211.3,Southampton,LR,1
690,1,1st,male,31,57.0,Southampton,LR,1
691,1,3rd,female,4,13.4,Cherbourg,LR,1
692,1,3rd,male,29,56.5,Southampton,LR,0
693,0,3rd,male,25,7.2,Cherbourg,LR,0
694,0,1st,male,60,26.6,Southampton,HR,0
695,0,2nd,male,52,13.5,Southampton,LR,0
696,0,3rd,male,44,8.1,Southampton,LR,0
697,1,3rd,female,29,7.7,Queenstown,LR,0
698,0,1st,male,49,110.9,Cherbourg,LR,1
699,0,3rd,male,42,7.7,Southampton,LR,0
700,1,1st,female,18,227.5,Cherbourg,LR,1
701,1,1st,male,35,26.3,Southampton,LR,0
702,0,3rd,female,18,14.5,Cherbourg,LR,1
703,0,3rd,male,25,7.7,Queenstown,LR,0
704,0,3rd,male,26,7.9,Southampton,LR,1
705,0,2nd,male,39,26.0,Southampton,LR,0
706,1,2nd,female,45,13.5,Southampton,LR,0
707,1,1st,male,42,26.3,Southampton,LR,0
708,1,1st,female,22,151.6,Southampton,LR,0
709,1,3rd,male,29,15.2,Cherbourg,HR,1
710,1,1st,female,24,49.5,Cherbourg,LR,0
711,0,1st,male,29,26.6,Southampton,LR,0
712,1,1st,male,48,52.0,Southampton,LR,1
713,0,3rd,male,29,9.5,Southampton,LR,0
714,0,2nd,male,52,13.0,Southampton,LR,0
715,0,3rd,male,19,7.7,Southampton,LR,0
716,1,1st,female,38,227.5,Cherbourg,LR,0
717,1,2nd,female,27,10.5,Southampton,LR,0
718,0,3rd,male,29,15.5,Queenstown,LR,0
719,0,3rd,male,33,7.8,Southampton,LR,0
720,1,2nd,female,6,33.0,Southampton,LR,1
721,0,3rd,male,17,7.1,Southampton,LR,1
722,0,2nd,male,34,13.0,Southampton,LR,0
723,0,2nd,male,50,13.0,Southampton,LR,0
724,1,1st,male,27,53.1,Southampton,LR,1
725,0,3rd,male,20,8.7,Southampton,LR,0
726,1,2nd,female,30,21.0,Southampton,LR,1
727,1,3rd,female,29,7.7,Queenstown,LR,0
728,0,2nd,male,25,26.0,Southampton,LR,1
729,0,3rd,female,25,7.9,Southampton,LR,1
730,1,1st,female,29,211.3,Southampton,LR,0
731,0,3rd,male,11,18.8,Cherbourg,LR,0
732,0,2nd,male,29,0.0,Southampton,LR,0
733,0,2nd,male,23,13.0,Southampton,LR,0
734,0,2nd,male,23,13.0,Southampton,LR,0
735,0,3rd,male,28,16.1,Southampton,LR,0
736,0,3rd,female,48,34.4,Southampton,LR,1
737,1,1st,male,35,512.3,Cherbourg,LR,0
738,0,3rd,male,29,7.9,Southampton,LR,0
739,0,3rd,male,29,7.9,Southampton,LR,0
740,1,1st,male,29,30.0,Southampton,LR,0
741,0,1st,male,36,78.8,Southampton,LR,1
742,1,1st,female,21,262.4,Cherbourg,LR,1
743,0,3rd,male,24,16.1,Southampton,LR,1
744,1,3rd,male,31,7.9,Southampton,LR,0
745,0,1st,male,70,71.0,Southampton,HR,1
746,0,3rd,male,16,20.2,Southampton,LR,1
747,1,2nd,female,30,13.0,Southampton,LR,0
748,0,1st,male,19,53.1,Southampton,LR,1
749,0,3rd,male,31,7.8,Queenstown,LR,0
750,1,2nd,female,4,23.0,Southampton,LR,1
751,1,3rd,male,6,12.5,Southampton,HR,1
752,0,3rd,male,33,9.5,Southampton,LR,0
753,0,3rd,male,23,7.9,Southampton,LR,0
754,1,2nd,female,48,65.0,Southampton,LR,1
755,1,2nd,male,0,14.5,Southampton,HR,1
756,0,3rd,male,28,7.8,Southampton,LR,0
757,0,2nd,male,18,11.5,Southampton,LR,0
758,0,3rd,male,34,8.1,Southampton,LR,0
759,1,1st,female,33,86.5,Southampton,HR,0
760,0,3rd,male,29,14.5,Southampton,LR,0
761,0,3rd,male,41,7.1,Southampton,LR,0
762,1,3rd,male,20,7.2,Cherbourg,LR,0
763,1,1st,female,36,120.0,Southampton,LR,1
764,0,3rd,male,16,7.8,Southampton,LR,0
765,1,1st,female,51,78.0,Southampton,LR,1
766,0,1st,male,29,39.6,Cherbourg,HR,0
767,0,3rd,female,30,7.8,Queenstown,LR,0
768,0,3rd,male,29,24.1,Queenstown,LR,1
769,0,3rd,male,32,8.4,Southampton,LR,0
770,0,3rd,male,24,9.5,Southampton,LR,0
771,0,3rd,male,48,7.9,Southampton,LR,0
772,0,2nd,female,57,10.5,Southampton,LR,0
773,0,3rd,male,29,7.2,Cherbourg,LR,0
774,1,2nd,female,54,23.0,Southampton,LR,1
775,0,3rd,male,18,7.8,Southampton,LR,0
776,0,3rd,male,29,7.8,Queenstown,LR,0
777,1,3rd,female,5,12.5,Southampton,LR,0
778,0,3rd,male,29,7.7,Queenstown,LR,0
779,1,1st,female,43,211.3,Southampton,LR,1
780,1,3rd,female,13,7.2,Cherbourg,LR,0
781,1,1st,female,17,57.0,Southampton,LR,1
782,0,1st,male,29,30.0,Southampton,LR,0
783,0,3rd,male,29,23.4,Southampton,LR,1
784,0,3rd,male,25,7.0,Southampton,LR,0
785,0,3rd,male,25,7.2,Southampton,LR,0
786,1,3rd,female,18,7.5,Southampton,LR,0
787,0,3rd,male,8,29.1,Queenstown,HR,1
788,1,3rd,male,1,20.6,Southampton,HR,1
789,0,1st,male,46,79.2,Cherbourg,LR,0
790,0,3rd,male,29,7.8,Queenstown,LR,0
791,0,2nd,male,16,26.0,Southampton,LR,0
792,0,3rd,female,29,69.5,Southampton,LR,1
793,0,1st,male,29,30.7,Cherbourg,LR,0
794,0,3rd,male,25,7.9,Southampton,LR,0
795,0,2nd,male,39,13.0,Southampton,LR,0
796,1,1st,female,49,25.9,Southampton,HR,0
797,1,3rd,female,31,8.7,Southampton,LR,0
798,0,3rd,male,30,7.2,Cherbourg,LR,0
799,0,3rd,female,30,24.1,Southampton,LR,1
800,0,2nd,male,34,13.0,Southampton,LR,0
801,1,2nd,female,31,26.2,Southampton,LR,1
802,1,1st,male,11,120.0,Southampton,HR,1
803,1,3rd,male,0,8.5,Cherbourg,HR,1
804,1,3rd,male,27,7.0,Southampton,LR,0
805,0,3rd,male,31,7.8,Southampton,LR,0
806,0,1st,male,39,0.0,Southampton,LR,0
807,0,3rd,female,18,7.8,Southampton,LR,0
808,0,2nd,male,39,13.0,Southampton,LR,0
809,1,1st,female,33,53.1,Southampton,LR,1
810,0,3rd,male,26,7.9,Southampton,LR,0
811,0,3rd,male,39,24.1,Southampton,LR,0
812,0,2nd,male,35,10.5,Southampton,LR,0
813,0,3rd,female,6,31.3,Southampton,LR,1
814,0,3rd,male,30,8.1,Southampton,LR,0
815,0,1st,male,29,0.0,Southampton,LR,0
816,0,3rd,female,23,7.9,Southampton,LR,0
817,0,2nd,male,31,37.0,Cherbourg,LR,1
818,0,3rd,male,43,6.5,Southampton,LR,0
819,0,3rd,male,10,27.9,Southampton,HR,1
820,1,1st,female,52,93.5,Southampton,LR,1
821,1,3rd,male,27,8.7,Southampton,LR,0
822,0,1st,male,38,0.0,Southampton,HR,0
823,1,3rd,female,27,12.5,Southampton,LR,1
824,0,3rd,male,2,39.7,Southampton,HR,1
825,0,3rd,male,29,7.0,Queenstown,LR,0
826,0,3rd,male,29,56.5,Southampton,LR,0
827,1,2nd,male,1,37.0,Cherbourg,HR,1
828,1,3rd,male,29,7.8,Queenstown,LR,0
829,1,1st,female,62,80.0,Southampton,LR,0
830,1,3rd,female,15,14.5,Cherbourg,LR,1
831,1,2nd,male,0,18.8,Southampton,HR,1
832,0,3rd,male,29,7.2,Cherbourg,LR,0
833,0,3rd,male,23,7.9,Southampton,LR,0
834,0,3rd,male,18,8.3,Southampton,LR,0
835,1,1st,female,39,83.2,Cherbourg,LR,1
836,0,3rd,male,21,8.7,Southampton,LR,0
837,0,3rd,male,29,8.1,Southampton,LR,0
838,1,3rd,male,32,56.5,Southampton,LR,0
839,1,1st,male,29,29.7,Cherbourg,LR,0
840,0,3rd,male,20,7.9,Southampton,LR,0
841,0,2nd,male,16,10.5,Southampton,LR,0
842,1,1st,female,30,31.0,Cherbourg,LR,0
843,0,3rd,male,34,6.4,Cherbourg,LR,0
844,0,3rd,male,17,8.7,Southampton,LR,0
845,0,3rd,male,42,7.5,Southampton,LR,0
846,0,3rd,male,29,69.5,Southampton,LR,1
847,0,3rd,male,35,7.9,Cherbourg,LR,0
848,0,2nd,male,28,33.0,Southampton,HR,1
849,1,1st,female,29,89.1,Cherbourg,LR,1
850,0,3rd,male,4,31.3,Southampton,HR,1
851,0,3rd,male,74,7.8,Southampton,LR,0
852,0,3rd,female,9,15.2,Cherbourg,LR,1
853,1,1st,female,16,39.4,Southampton,LR,1
854,0,2nd,female,44,26.0,Southampton,LR,1
855,1,3rd,female,18,9.3,Southampton,LR,1
856,1,1st,female,45,164.9,Southampton,LR,1
857,1,1st,male,51,26.6,Southampton,LR,0
858,1,3rd,female,24,19.3,Cherbourg,LR,1
859,0,3rd,male,29,7.2,Cherbourg,LR,0
860,0,3rd,male,41,14.1,Southampton,LR,1
861,0,2nd,male,21,11.5,Southampton,LR,1
862,1,1st,female,48,25.9,Southampton,LR,0
863,0,3rd,female,29,69.5,Southampton,LR,1
864,0,2nd,male,24,13.0,Southampton,LR,0
865,1,2nd,female,42,13.0,Southampton,LR,0
866,1,2nd,female,27,13.9,Cherbourg,LR,1
867,0,1st,male,31,50.5,Southampton,LR,0
868,0,3rd,male,29,9.5,Southampton,LR,0
869,1,3rd,male,4,11.1,Southampton,HR,1
870,0,3rd,male,26,7.9,Southampton,LR,0
871,1,1st,female,47,52.6,Southampton,LR,1
872,0,1st,male,33,5.0,Southampton,LR,0
873,0,3rd,male,47,9.0,Southampton,LR,0
874,1,2nd,female,28,24.0,Cherbourg,LR,1
875,1,3rd,female,15,7.2,Cherbourg,LR,0
876,0,3rd,male,20,9.8,Southampton,LR,0
877,0,3rd,male,19,7.9,Southampton,LR,0
878,0,3rd,male,29,7.9,Southampton,LR,0
879,1,1st,female,56,83.2,Cherbourg,LR,1
880,1,2nd,female,25,26.0,Southampton,LR,1
881,0,3rd,male,33,7.9,Southampton,LR,0
882,0,3rd,female,22,10.5,Southampton,LR,0
883,0,2nd,male,28,10.5,Southampton,LR,0
884,0,3rd,male,25,7.0,Southampton,LR,0
885,0,3rd,female,39,29.1,Queenstown,LR,1
886,0,2nd,male,27,13.0,Southampton,HR,0
887,1,1st,female,19,30.0,Southampton,LR,0
888,0,3rd,female,29,23.4,Southampton,LR,1
889,1,1st,male,26,30.0,Cherbourg,LR,0
890,0,3rd,male,32,7.8,Queenstown,LR,0
