,Survived,Pclass,Sex,Age,SibSp,Parch,Fare,Embarked,title
0,Dead,3rd,male,22,1,0,7.2,Southampton,LR
1,Survived,1st,female,38,1,0,71.3,Cherbourg,LR
2,Survived,3rd,female,26,0,0,7.9,Southampton,LR
3,Survived,1st,female,35,1,0,53.1,Southampton,LR
4,Dead,3rd,male,35,0,0,8.1,Southampton,LR
5,Dead,3rd,male,29,0,0,8.5,Queenstown,LR
6,Dead,1st,male,54,0,0,51.9,Southampton,LR
7,Dead,3rd,male,2,3,1,21.1,Southampton,HR
8,Survived,3rd,female,27,0,2,11.1,Southampton,LR
9,Survived,2nd,female,14,1,0,30.1,Cherbourg,LR
10,Survived,3rd,female,4,1,1,16.7,Southampton,LR
11,Survived,1st,female,58,0,0,26.6,Southampton,LR
12,Dead,3rd,male,20,0,0,8.1,Southampton,LR
13,Dead,3rd,male,39,1,5,31.3,Southampton,LR
14,Dead,3rd,female,14,0,0,7.9,Southampton,LR
15,Survived,2nd,female,55,0,0,16.0,Southampton,LR
16,Dead,3rd,male,2,4,1,29.1,Queenstown,HR
17,Survived,2nd,male,29,0,0,13.0,Southampton,LR
18,Dead,3rd,female,31,1,0,18.0,Southampton,LR
19,Survived,3rd,female,29,0,0,7.2,Cherbourg,LR
20,Dead,2nd,male,35,0,0,26.0,Southampton,LR
21,Survived,2nd,male,34,0,0,13.0,Southampton,LR
22,Survived,3rd,female,15,0,0,8.0,Queenstown,LR
23,Survived,1st,male,28,0,0,35.5,Southampton,LR
24,Dead,3rd,female,8,3,1,21.1,Southampton,LR
25,Survived,3rd,female,38,1,5,31.4,Southampton,LR
26,Dead,3rd,male,29,0,0,7.2,Cherbourg,LR
27,Dead,1st,male,19,3,2,263.0,Southampton,LR
28,Survived,3rd,female,29,0,0,7.9,Queenstown,LR
29,Dead,3rd,male,29,0,0,7.9,Southampton,LR
30,Dead,1st,male,40,0,0,27.7,Cherbourg,HR
31,Survived,1st,female,29,1,0,146.5,Cherbourg,LR
32,Survived,3rd,female,29,0,0,7.8,Queenstown,LR
33,Dead,2nd,male,66,0,0,10.5,Southampton,LR
34,Dead,1st,male,28,1,0,82.2,Cherbourg,LR
35,Dead,1st,male,42,1,0,52.0,Southampton,LR
36,Survived,3rd,male,29,0,0,7.2,Cherbourg,LR
37,Dead,3rd,male,21,0,0,8.1,Southampton,LR
38,Dead,3rd,female,18,2,0,18.0,Southampton,LR
39,Survived,3rd,female,14,1,0,11.2,Cherbourg,LR
40,Dead,3rd,female,40,1,0,9.5,Southampton,LR
41,Dead,2nd,female,27,1,0,21.0,Southampton,LR
42,Dead,3rd,male,29,0,0,7.9,Cherbourg,LR
43,Survived,2nd,female,3,1,2,41.6,Cherbourg,LR
44,Survived,3rd,female,19,0,0,7.9,Queenstown,LR
45,Dead,3rd,male,29,0,0,8.1,Southampton,LR
46,Dead,3rd,male,29,1,0,15.5,Queenstown,LR
47,Survived,3rd,female,29,0,0,7.8,Queenstown,LR
48,Dead,3rd,male,29,2,0,21.7,Cherbourg,LR
49,Dead,3rd,female,18,1,0,17.8,Southampton,LR
50,Dead,3rd,male,7,4,1,39.7,Southampton,HR
51,Dead,3rd,male,21,0,0,7.8,Southampton,LR
52,Survived,1st,female,49,1,0,76.7,Cherbourg,LR
53,Survived,2nd,female,29,1,0,26.0,Southampton,LR
54,Dead,1st,male,65,0,1,62.0,Cherbourg,LR
55,Survived,1st,male,29,0,0,35.5,Southampton,LR
56,Survived,2nd,female,21,0,0,10.5,Southampton,LR
57,Dead,3rd,male,28,0,0,7.2,Cherbourg,LR
58,Survived,2nd,female,5,1,2,27.8,Southampton,LR
59,Dead,3rd,male,11,5,2,46.9,Southampton,HR
60,Dead,3rd,male,22,0,0,7.2,Cherbourg,LR
61,Survived,1st,female,38,0,0,80.0,Southampton,LR
62,Dead,1st,male,45,1,0,83.5,Southampton,LR
63,Dead,3rd,male,4,3,2,27.9,Southampton,HR
64,Dead,1st,male,29,0,0,27.7,Cherbourg,LR
65,Survived,3rd,male,29,1,1,15.2,Cherbourg,HR
66,Survived,2nd,female,29,0,0,10.5,Southampton,LR
67,Dead,3rd,male,19,0,0,8.2,Southampton,LR
68,Survived,3rd,female,17,4,2,7.9,Southampton,LR
69,Dead,3rd,male,26,2,0,8.7,Southampton,LR
70,Dead,2nd,male,32,0,0,10.5,Southampton,LR
71,Dead,3rd,female,16,5,2,46.9,Southampton,LR
72,Dead,2nd,male,21,0,0,73.5,Southampton,LR
73,Dead,3rd,male,26,1,0,14.5,Cherbourg,LR
74,Survived,3rd,male,32,0,0,56.5,Southampton,LR
75,Dead,3rd,male,25,0,0,7.7,Southampton,LR
76,Dead,3rd,male,29,0,0,7.9,Southampton,LR
77,Dead,3rd,male,29,0,0,8.1,Southampton,LR
78,Survived,2nd,male,0,0,2,29.0,Southampton,HR
79,Survived,3rd,female,30,0,0,12.5,Southampton,LR
80,Dead,3rd,male,22,0,0,9.0,Southampton,LR
81,Survived,3rd,male,29,0,0,9.5,Southampton,LR
82,Survived,3rd,female,29,0,0,7.8,Queenstown,LR
83,Dead,1st,male,28,0,0,47.1,Southampton,LR
84,Survived,2nd,female,17,0,0,10.5,Southampton,LR
85,Survived,3rd,female,33,3,0,15.8,Southampton,LR
86,Dead,3rd,male,16,1,3,34.4,Southampton,LR
87,Dead,3rd,male,29,0,0,8.1,Southampton,LR
88,Survived,1st,female,23,3,2,263.0,Southampton,LR
89,Dead,3rd,male,24,0,0,8.1,Southampton,LR
90,Dead,3rd,male,29,0,0,8.1,Southampton,LR
91,Dead,3rd,male,20,0,0,7.9,Southampton,LR
92,Dead,1st,male,46,1,0,61.2,Southampton,LR
93,Dead,3rd,male,26,1,2,20.6,Southampton,LR
94,Dead,3rd,male,59,0,0,7.2,Southampton,LR
95,Dead,3rd,male,29,0,0,8.1,Southampton,LR
96,Dead,1st,male,71,0,0,34.7,Cherbourg,LR
97,Survived,1st,male,23,0,1,63.4,Cherbourg,LR
98,Survived,2nd,female,34,0,1,23.0,Southampton,LR
99,Dead,2nd,male,34,1,0,26.0,Southampton,LR
100,Dead,3rd,female,28,0,0,7.9,Southampton,LR
101,Dead,3rd,male,29,0,0,7.9,Southampton,LR
102,Dead,1st,male,21,0,1,77.3,Southampton,LR
103,Dead,3rd,male,33,0,0,8.7,Southampton,LR
104,Dead,3rd,male,37,2,0,7.9,Southampton,LR
105,Dead,3rd,male,28,0,0,7.9,Southampton,LR
106,Survived,3rd,female,21,0,0,7.7,Southampton,LR
107,Survived,3rd,male,29,0,0,7.8,Southampton,LR
108,Dead,3rd,male,38,0,0,7.9,Southampton,LR
109,Survived,3rd,female,29,1,0,24.1,Queenstown,LR
110,Dead,1st,male,47,0,0,52.0,Southampton,LR
111,Dead,3rd,female,14,1,0,14.5,Cherbourg,LR
112,Dead,3rd,male,22,0,0,8.1,Southampton,LR
113,Dead,3rd,female,20,1,0,9.8,Southampton,LR
114,Dead,3rd,female,17,0,0,14.5,Cherbourg,LR
115,Dead,3rd,male,21,0,0,7.9,Southampton,LR
116,Dead,3rd,male,70,0,0,7.8,Queenstown,LR
117,Dead,2nd,male,29,1,0,21.0,Southampton,LR
118,Dead,1st,male,24,0,1,247.5,Cherbourg,LR
119,Dead,3rd,female,2,4,2,31.3,Southampton,LR
120,Dead,2nd,male,21,2,0,73.5,Southampton,LR
121,Dead,3rd,male,29,0,0,8.1,Southampton,LR
122,Dead,2nd,male,32,1,0,30.1,Cherbourg,LR
123,Survived,2nd,female,32,0,0,13.0,Southampton,LR
124,Dead,1st,male,54,0,1,77.3,Southampton,LR
125,Survived,3rd,male,12,1,0,11.2,Cherbourg,HR
126,Dead,3rd,male,29,0,0,7.8,Queenstown,LR
127,Survived,3rd,male,24,0,0,7.1,Southampton,LR
128,Survived,3rd,female,29,1,1,22.4,Cherbourg,LR
129,Dead,3rd,male,45,0,0,7.0,Southampton,LR
130,Dead,3rd,male,33,0,0,7.9,Cherbourg,LR
131,Dead,3rd,male,20,0,0,7.0,Southampton,LR
132,Dead,3rd,female,47,1,0,14.5,Southampton,LR
133,Survived,2nd,female,29,1,0,26.0,Southampton,LR
134,Dead,2nd,male,25,0,0,13.0,Southampton,LR
135,Dead,2nd,male,23,0,0,15.0,Cherbourg,LR
136,Survived,1st,female,19,0,2,26.3,Southampton,LR
137,Dead,1st,male,37,1,0,53.1,Southampton,LR
138,Dead,3rd,male,16,0,0,9.2,Southampton,LR
139,Dead,1st,male,24,0,0,79.2,Cherbourg,LR
140,Dead,3rd,female,29,0,2,15.2,Cherbourg,LR
141,Survived,3rd,female,22,0,0,7.8,Southampton,LR
142,Survived,3rd,female,24,1,0,15.8,Southampton,LR
143,Dead,3rd,male,19,0,0,6.8,Queenstown,LR
144,Dead,2nd,male,18,0,0,11.5,Southampton,LR
145,Dead,2nd,male,19,1,1,36.8,Southampton,LR
146,Survived,3rd,male,27,0,0,7.8,Southampton,LR
147,Dead,3rd,female,9,2,2,34.4,Southampton,LR
148,Dead,2nd,male,36,0,2,26.0,Southampton,LR
149,Dead,2nd,male,42,0,0,13.0,Southampton,HR
150,Dead,2nd,male,51,0,0,12.5,Southampton,HR
151,Survived,1st,female,22,1,0,66.6,Southampton,LR
152,Dead,3rd,male,55,0,0,8.1,Southampton,LR
153,Dead,3rd,male,40,0,2,14.5,Southampton,LR
154,Dead,3rd,male,29,0,0,7.3,Southampton,LR
155,Dead,1st,male,51,0,1,61.4,Cherbourg,LR
156,Survived,3rd,female,16,0,0,7.7,Queenstown,LR
157,Dead,3rd,male,30,0,0,8.1,Southampton,LR
158,Dead,3rd,male,29,0,0,8.7,Southampton,LR
159,Dead,3rd,male,29,8,2,69.5,Southampton,HR
160,Dead,3rd,male,44,0,1,16.1,Southampton,LR
161,Survived,2nd,female,40,0,0,15.8,Southampton,LR
162,Dead,3rd,male,26,0,0,7.8,Southampton,LR
163,Dead,3rd,male,17,0,0,8.7,Southampton,LR
164,Dead,3rd,male,1,4,1,39.7,Southampton,HR
165,Survived,3rd,male,9,0,2,20.5,Southampton,HR
166,Survived,1st,female,29,0,1,55.0,Southampton,LR
167,Dead,3rd,female,45,1,4,27.9,Southampton,LR
168,Dead,1st,male,29,0,0,25.9,Southampton,LR
169,Dead,3rd,male,28,0,0,56.5,Southampton,LR
170,Dead,1st,male,61,0,0,33.5,Southampton,LR
171,Dead,3rd,male,4,4,1,29.1,Queenstown,HR
172,Survived,3rd,female,1,1,1,11.1,Southampton,LR
173,Dead,3rd,male,21,0,0,7.9,Southampton,LR
174,Dead,1st,male,56,0,0,30.7,Cherbourg,LR
175,Dead,3rd,male,18,1,1,7.9,Southampton,LR
176,Dead,3rd,male,29,3,1,25.5,Southampton,HR
177,Dead,1st,female,50,0,0,28.7,Cherbourg,LR
178,Dead,2nd,male,30,0,0,13.0,Southampton,LR
179,Dead,3rd,male,36,0,0,0.0,Southampton,LR
180,Dead,3rd,female,29,8,2,69.5,Southampton,LR
181,Dead,2nd,male,29,0,0,15.1,Cherbourg,LR
182,Dead,3rd,male,9,4,2,31.4,Southampton,HR
183,Survived,2nd,male,1,2,1,39.0,Southampton,HR
184,Survived,3rd,female,4,0,2,22.0,Southampton,LR
185,Dead,1st,male,29,0,0,50.0,Southampton,LR
186,Survived,3rd,female,29,1,0,15.5,Queenstown,LR
187,Survived,1st,male,45,0,0,26.6,Southampton,LR
188,Dead,3rd,male,40,1,1,15.5,Queenstown,LR
189,Dead,3rd,male,36,0,0,7.9,Southampton,LR
190,Survived,2nd,female,32,0,0,13.0,Southampton,LR
191,Dead,2nd,male,19,0,0,13.0,Southampton,LR
192,Survived,3rd,female,19,1,0,7.9,Southampton,LR
193,Survived,2nd,male,3,1,1,26.0,Southampton,HR
194,Survived,1st,female,44,0,0,27.7,Cherbourg,LR
195,Survived,1st,female,58,0,0,146.5,Cherbourg,LR
196,Dead,3rd,male,29,0,0,7.8,Queenstown,LR
197,Dead,3rd,male,42,0,1,8.4,Southampton,LR
198,Survived,3rd,female,29,0,0,7.8,Queenstown,LR
199,Dead,2nd,female,24,0,0,13.0,Southampton,LR
200,Dead,3rd,male,28,0,0,9.5,Southampton,LR
201,Dead,3rd,male,29,8,2,69.5,Southampton,LR
202,Dead,3rd,male,34,0,0,6.5,Southampton,LR
203,Dead,3rd,male,45,0,0,7.2,Cherbourg,LR
204,Survived,3rd,male,18,0,0,8.1,Southampton,LR
205,Dead,3rd,female,2,0,1,10.5,Southampton,LR
206,Dead,3rd,male,32,1,0,15.8,Southampton,LR
207,Survived,3rd,male,26,0,0,18.8,Cherbourg,LR
208,Survived,3rd,female,16,0,0,7.8,Queenstown,LR
209,Survived,1st,male,40,0,0,31.0,Cherbourg,LR
210,Dead,3rd,male,24,0,0,7.0,Southampton,LR
211,Survived,2nd,female,35,0,0,21.0,Southampton,LR
212,Dead,3rd,male,22,0,0,7.2,Southampton,LR
213,Dead,2nd,male,30,0,0,13.0,Southampton,LR
214,Dead,3rd,male,29,1,0,7.8,Queenstown,LR
215,Survived,1st,female,31,1,0,113.3,Cherbourg,LR
216,Survived,3rd,female,27,0,0,7.9,Southampton,LR
217,Dead,2nd,male,42,1,0,27.0,Southampton,LR
218,Survived,1st,female,32,0,0,76.3,Cherbourg,LR
219,Dead,2nd,male,30,0,0,10.5,Southampton,LR
220,Survived,3rd,male,16,0,0,8.1,Southampton,LR
221,Dead,2nd,male,27,0,0,13.0,Southampton,LR
222,Dead,3rd,male,51,0,0,8.1,Southampton,LR
223,Dead,3rd,male,29,0,0,7.9,Southampton,LR
224,Survived,1st,male,38,1,0,90.0,Southampton,LR
225,Dead,3rd,male,22,0,0,9.3,Southampton,LR
226,Survived,2nd,male,19,0,0,10.5,Southampton,LR
227,Dead,3rd,male,20,0,0,7.2,Southampton,LR
228,Dead,2nd,male,18,0,0,13.0,Southampton,LR
229,Dead,3rd,female,29,3,1,25.5,Southampton,LR
230,Survived,1st,female,35,1,0,83.5,Southampton,LR
231,Dead,3rd,male,29,0,0,7.8,Southampton,LR
232,Dead,2nd,male,59,0,0,13.5,Southampton,LR
233,Survived,3rd,female,5,4,2,31.4,Southampton,LR
234,Dead,2nd,male,24,0,0,10.5,Southampton,LR
235,Dead,3rd,female,29,0,0,7.5,Southampton,LR
236,Dead,2nd,male,44,1,0,26.0,Southampton,LR
237,Survived,2nd,female,8,0,2,26.2,Southampton,LR
238,Dead,2nd,male,19,0,0,10.5,Southampton,LR
239,Dead,2nd,male,33,0,0,12.3,Southampton,LR
240,Dead,3rd,female,29,1,0,14.5,Cherbourg,LR
241,Survived,3rd,female,29,1,0,15.5,Queenstown,LR
242,Dead,2nd,male,29,0,0,10.5,Southampton,LR
243,Dead,3rd,male,22,0,0,7.1,Southampton,LR
244,Dead,3rd,male,30,0,0,7.2,Cherbourg,LR
245,Dead,1st,male,44,2,0,90.0,Queenstown,HR
246,Dead,3rd,female,25,0,0,7.8,Southampton,LR
247,Survived,2nd,female,24,0,2,14.5,Southampton,LR
248,Survived,1st,male,37,1,1,52.6,Southampton,LR
249,Dead,2nd,male,54,1,0,26.0,Southampton,HR
250,Dead,3rd,male,29,0,0,7.2,Southampton,LR
251,Dead,3rd,female,29,1,1,10.5,Southampton,LR
252,Dead,1st,male,62,0,0,26.6,Southampton,LR
253,Dead,3rd,male,30,1,0,16.1,Southampton,LR
254,Dead,3rd,female,41,0,2,20.2,Southampton,LR
255,Survived,3rd,female,29,0,2,15.2,Cherbourg,LR
256,Survived,1st,female,29,0,0,79.2,Cherbourg,LR
257,Survived,1st,female,30,0,0,86.5,Southampton,LR
258,Survived,1st,female,35,0,0,512.3,Cherbourg,LR
259,Survived,2nd,female,50,0,1,26.0,Southampton,LR
260,Dead,3rd,male,29,0,0,7.8,Queenstown,LR
261,Survived,3rd,male,3,4,2,31.4,Southampton,HR
262,Dead,1st,male,52,1,1,79.7,Southampton,LR
263,Dead,1st,male,40,0,0,0.0,Southampton,LR
264,Dead,3rd,female,29,0,0,7.8,Queenstown,LR
265,Dead,2nd,male,36,0,0,10.5,Southampton,LR
266,Dead,3rd,male,16,4,1,39.7,Southampton,LR
267,Survived,3rd,male,25,1,0,7.8,Southampton,LR
268,Survived,1st,female,58,0,1,153.5,Southampton,LR
269,Survived,1st,female,35,0,0,135.6,Southampton,LR
270,Dead,1st,male,29,0,0,31.0,Southampton,LR
271,Survived,3rd,male,25,0,0,0.0,Southampton,LR
272,Survived,2nd,female,41,0,1,19.5,Southampton,LR
273,Dead,1st,male,37,0,1,29.7,Cherbourg,LR
274,Survived,3rd,female,29,0,0,7.8,Queenstown,LR
275,Survived,1st,female,63,1,0,78.0,Southampton,LR
276,Dead,3rd,female,45,0,0,7.8,Southampton,LR
277,Dead,2nd,male,29,0,0,0.0,Southampton,LR
278,Dead,3rd,male,7,4,1,29.1,Queenstown,HR
279,Survived,3rd,female,35,1,1,20.2,Southampton,LR
280,Dead,3rd,male,65,0,0,7.8,Queenstown,LR
281,Dead,3rd,male,28,0,0,7.9,Southampton,LR
282,Dead,3rd,male,16,0,0,9.5,Southampton,LR
283,Survived,3rd,male,19,0,0,8.1,Southampton,LR
284,Dead,1st,male,29,0,0,26.0,Southampton,LR
285,Dead,3rd,male,33,0,0,8.7,Cherbourg,LR
286,Survived,3rd,male,30,0,0,9.5,Southampton,LR
287,Dead,3rd,male,22,0,0,7.9,Southampton,LR
288,Survived,2nd,male,42,0,0,13.0,Southampton,LR
289,Survived,3rd,female,22,0,0,7.8,Queenstown,LR
290,Survived,1st,female,26,0,0,78.8,Southampton,LR
291,Survived,1st,female,19,1,0,91.1,Cherbourg,LR
292,Dead,2nd,male,36,0,0,12.9,Cherbourg,LR
293,Dead,3rd,female,24,0,0,8.8,Southampton,LR
294,Dead,3rd,male,24,0,0,7.9,Southampton,LR
295,Dead,1st,male,29,0,0,27.7,Cherbourg,LR
296,Dead,3rd,male,23,0,0,7.2,Cherbourg,LR
297,Dead,1st,female,2,1,2,151.6,Southampton,LR
298,Survived,1st,male,29,0,0,30.5,Southampton,LR
299,Survived,1st,female,50,0,1,247.5,Cherbourg,LR
300,Survived,3rd,female,29,0,0,7.8,Queenstown,LR
301,Survived,3rd,male,29,2,0,23.2,Queenstown,LR
302,Dead,3rd,male,19,0,0,0.0,Southampton,LR
303,Survived,2nd,female,29,0,0,12.3,Queenstown,LR
304,Dead,3rd,male,29,0,0,8.1,Southampton,LR
305,Survived,1st,male,0,1,2,151.6,Southampton,HR
306,Survived,1st,female,29,0,0,110.9,Cherbourg,LR
307,Survived,1st,female,17,1,0,108.9,Cherbourg,LR
308,Dead,2nd,male,30,1,0,24.0,Cherbourg,LR
309,Survived,1st,female,30,0,0,56.9,Cherbourg,LR
310,Survived,1st,female,24,0,0,83.2,Cherbourg,LR
311,Survived,1st,female,18,2,2,262.4,Cherbourg,LR
312,Dead,2nd,female,26,1,1,26.0,Southampton,LR
313,Dead,3rd,male,28,0,0,7.9,Southampton,LR
314,Dead,2nd,male,43,1,1,26.2,Southampton,LR
315,Survived,3rd,female,26,0,0,7.9,Southampton,LR
316,Survived,2nd,female,24,1,0,26.0,Southampton,LR
317,Dead,2nd,male,54,0,0,14.0,Southampton,HR
318,Survived,1st,female,31,0,2,164.9,Southampton,LR
319,Survived,1st,female,40,1,1,134.5,Cherbourg,LR
320,Dead,3rd,male,22,0,0,7.2,Southampton,LR
321,Dead,3rd,male,27,0,0,7.9,Southampton,LR
322,Survived,2nd,female,30,0,0,12.3,Queenstown,LR
323,Survived,2nd,female,22,1,1,29.0,Southampton,LR
324,Dead,3rd,male,29,8,2,69.5,Southampton,LR
325,Survived,1st,female,36,0,0,135.6,Cherbourg,LR
326,Dead,3rd,male,61,0,0,6.2,Southampton,LR
327,Survived,2nd,female,36,0,0,13.0,Southampton,LR
328,Survived,3rd,female,31,1,1,20.5,Southampton,LR
329,Survived,1st,female,16,0,1,58.0,Cherbourg,LR
330,Survived,3rd,female,29,2,0,23.2,Queenstown,LR
331,Dead,1st,male,45,0,0,28.5,Southampton,LR
332,Dead,1st,male,38,0,1,153.5,Southampton,LR
333,Dead,3rd,male,16,2,0,18.0,Southampton,LR
334,Survived,1st,female,29,1,0,133.7,Southampton,LR
335,Dead,3rd,male,29,0,0,7.9,Southampton,LR
336,Dead,1st,male,29,1,0,66.6,Southampton,LR
337,Survived,1st,female,41,0,0,134.5,Cherbourg,LR
338,Survived,3rd,male,45,0,0,8.1,Southampton,LR
339,Dead,1st,male,45,0,0,35.5,Southampton,LR
340,Survived,2nd,male,2,1,1,26.0,Southampton,HR
341,Survived,1st,female,24,3,2,263.0,Southampton,LR
342,Dead,2nd,male,28,0,0,13.0,Southampton,LR
343,Dead,2nd,male,25,0,0,13.0,Southampton,LR
344,Dead,2nd,male,36,0,0,13.0,Southampton,LR
345,Survived,2nd,female,24,0,0,13.0,Southampton,LR
346,Survived,2nd,female,40,0,0,13.0,Southampton,LR
347,Survived,3rd,female,29,1,0,16.1,Southampton,LR
348,Survived,3rd,male,3,1,1,15.9,Southampton,HR
349,Dead,3rd,male,42,0,0,8.7,Southampton,LR
350,Dead,3rd,male,23,0,0,9.2,Southampton,LR
351,Dead,1st,male,29,0,0,35.0,Southampton,LR
352,Dead,3rd,male,15,1,1,7.2,Cherbourg,LR
353,Dead,3rd,male,25,1,0,17.8,Southampton,LR
354,Dead,3rd,male,29,0,0,7.2,Cherbourg,LR
355,Dead,3rd,male,28,0,0,9.5,Southampton,LR
356,Survived,1st,female,22,0,1,55.0,Southampton,LR
357,Dead,2nd,female,38,0,0,13.0,Southampton,LR
358,Survived,3rd,female,29,0,0,7.9,Queenstown,LR
359,Survived,3rd,female,29,0,0,7.9,Queenstown,LR
360,Dead,3rd,male,40,1,4,27.9,Southampton,LR
361,Dead,2nd,male,29,1,0,27.7,Cherbourg,LR
362,Dead,3rd,female,45,0,1,14.5,Cherbourg,LR
363,Dead,3rd,male,35,0,0,7.0,Southampton,LR
364,Dead,3rd,male,29,1,0,15.5,Queenstown,LR
365,Dead,3rd,male,30,0,0,7.2,Southampton,LR
366,Survived,1st,female,60,1,0,75.2,Cherbourg,LR
367,Survived,3rd,female,29,0,0,7.2,Cherbourg,LR
368,Survived,3rd,female,29,0,0,7.8,Queenstown,LR
369,Survived,1st,female,24,0,0,69.3,Cherbourg,HR
370,Survived,1st,male,25,1,0,55.4,Cherbourg,LR
371,Dead,3rd,male,18,1,0,6.5,Southampton,LR
372,Dead,3rd,male,19,0,0,8.1,Southampton,LR
373,Dead,1st,male,22,0,0,135.6,Cherbourg,LR
374,Dead,3rd,female,3,3,1,21.1,Southampton,LR
375,Survived,1st,female,29,1,0,82.2,Cherbourg,LR
376,Survived,3rd,female,22,0,0,7.2,Southampton,LR
377,Dead,1st,male,27,0,2,211.5,Cherbourg,LR
378,Dead,3rd,male,20,0,0,4.0,Cherbourg,LR
379,Dead,3rd,male,19,0,0,7.8,Southampton,LR
380,Survived,1st,female,42,0,0,227.5,Cherbourg,LR
381,Survived,3rd,female,1,0,2,15.7,Cherbourg,LR
382,Dead,3rd,male,32,0,0,7.9,Southampton,LR
383,Survived,1st,female,35,1,0,52.0,Southampton,LR
384,Dead,3rd,male,29,0,0,7.9,Southampton,LR
385,Dead,2nd,male,18,0,0,73.5,Southampton,LR
386,Dead,3rd,male,1,5,2,46.9,Southampton,HR
387,Survived,2nd,female,36,0,0,13.0,Southampton,LR
388,Dead,3rd,male,29,0,0,7.7,Queenstown,LR
389,Survived,2nd,female,17,0,0,12.0,Cherbourg,LR
390,Survived,1st,male,36,1,2,120.0,Southampton,LR
391,Survived,3rd,male,21,0,0,7.8,Southampton,LR
392,Dead,3rd,male,28,2,0,7.9,Southampton,LR
393,Survived,1st,female,23,1,0,113.3,Cherbourg,LR
394,Survived,3rd,female,24,0,2,16.7,Southampton,LR
395,Dead,3rd,male,22,0,0,7.8,Southampton,LR
396,Dead,3rd,female,31,0,0,7.9,Southampton,LR
397,Dead,2nd,male,46,0,0,26.0,Southampton,LR
398,Dead,2nd,male,23,0,0,10.5,Southampton,HR
399,Survived,2nd,female,28,0,0,12.7,Southampton,LR
400,Survived,3rd,male,39,0,0,7.9,Southampton,LR
401,Dead,3rd,male,26,0,0,8.1,Southampton,LR
402,Dead,3rd,female,21,1,0,9.8,Southampton,LR
403,Dead,3rd,male,28,1,0,15.8,Southampton,LR
404,Dead,3rd,female,20,0,0,8.7,Southampton,LR
405,Dead,2nd,male,34,1,0,21.0,Southampton,LR
406,Dead,3rd,male,51,0,0,7.8,Southampton,LR
407,Survived,2nd,male,3,1,1,18.8,Southampton,HR
408,Dead,3rd,male,21,0,0,7.8,Southampton,LR
409,Dead,3rd,female,29,3,1,25.5,Southampton,LR
410,Dead,3rd,male,29,0,0,7.9,Southampton,LR
411,Dead,3rd,male,29,0,0,6.9,Queenstown,LR
412,Survived,1st,female,33,1,0,90.0,Queenstown,LR
413,Dead,2nd,male,29,0,0,0.0,Southampton,LR
414,Survived,3rd,male,44,0,0,7.9,Southampton,LR
415,Dead,3rd,female,29,0,0,8.1,Southampton,LR
416,Survived,2nd,female,34,1,1,32.5,Southampton,LR
417,Survived,2nd,female,18,0,2,13.0,Southampton,LR
418,Dead,2nd,male,30,0,0,13.0,Southampton,LR
419,Dead,3rd,female,10,0,2,24.1,Southampton,LR
420,Dead,3rd,male,29,0,0,7.9,Cherbourg,LR
421,Dead,3rd,male,21,0,0,7.7,Queenstown,LR
422,Dead,3rd,male,29,0,0,7.9,Southampton,LR
423,Dead,3rd,female,28,1,1,14.4,Southampton,LR
424,Dead,3rd,male,18,1,1,20.2,Southampton,LR
425,Dead,3rd,male,29,0,0,7.2,Southampton,LR
426,Survived,2nd,female,28,1,0,26.0,Southampton,LR
427,Survived,2nd,female,19,0,0,26.0,Southampton,LR
428,Dead,3rd,male,29,0,0,7.8,Queenstown,LR
429,Survived,3rd,male,32,0,0,8.1,Southampton,LR
430,Survived,1st,male,28,0,0,26.6,Southampton,LR
431,Survived,3rd,female,29,1,0,16.1,Southampton,LR
432,Survived,2nd,female,42,1,0,26.0,Southampton,LR
433,Dead,3rd,male,17,0,0,7.1,Southampton,LR
434,Dead,1st,male,50,1,0,55.9,Southampton,LR
435,Survived,1st,female,14,1,2,120.0,Southampton,LR
436,Dead,3rd,female,21,2,2,34.4,Southampton,LR
437,Survived,2nd,female,24,2,3,18.8,Southampton,LR
438,Dead,1st,male,64,1,4,263.0,Southampton,LR
439,Dead,2nd,male,31,0,0,10.5,Southampton,LR
440,Survived,2nd,female,45,1,1,26.2,Southampton,LR
441,Dead,3rd,male,20,0,0,9.5,Southampton,LR
442,Dead,3rd,male,25,1,0,7.8,Southampton,LR
443,Survived,2nd,female,28,0,0,13.0,Southampton,LR
444,Survived,3rd,male,29,0,0,8.1,Southampton,LR
445,Survived,1st,male,4,0,2,81.9,Southampton,HR
446,Survived,2nd,female,13,0,1,19.5,Southampton,LR
447,Survived,1st,male,34,0,0,26.6,Southampton,LR
448,Survived,3rd,female,5,2,1,19.3,Cherbourg,LR
449,Survived,1st,male,52,0,0,30.5,Southampton,HR
450,Dead,2nd,male,36,1,2,27.8,Southampton,LR
451,Dead,3rd,male,29,1,0,20.0,Southampton,LR
452,Dead,1st,male,30,0,0,27.8,Cherbourg,LR
453,Survived,1st,male,49,1,0,89.1,Cherbourg,LR
454,Dead,3rd,male,29,0,0,8.1,Southampton,LR
455,Survived,3rd,male,29,0,0,7.9,Cherbourg,LR
456,Dead,1st,male,65,0,0,26.6,Southampton,LR
457,Survived,1st,female,29,1,0,51.9,Southampton,LR
458,Survived,2nd,female,50,0,0,10.5,Southampton,LR
459,Dead,3rd,male,29,0,0,7.8,Queenstown,LR
460,Survived,1st,male,48,0,0,26.6,Southampton,LR
461,Dead,3rd,male,34,0,0,8.1,Southampton,LR
462,Dead,1st,male,47,0,0,38.5,Southampton,LR
463,Dead,2nd,male,48,0,0,13.0,Southampton,LR
464,Dead,3rd,male,29,0,0,8.1,Southampton,LR
465,Dead,3rd,male,38,0,0,7.0,Southampton,LR
466,Dead,2nd,male,29,0,0,0.0,Southampton,LR
467,Dead,1st,male,56,0,0,26.6,Southampton,LR
468,Dead,3rd,male,29,0,0,7.7,Queenstown,LR
469,Survived,3rd,female,0,2,1,19.3,Cherbourg,LR
470,Dead,3rd,male,29,0,0,7.2,Southampton,LR
471,Dead,3rd,male,38,0,0,8.7,Southampton,LR
472,Survived,2nd,female,33,1,2,27.8,Southampton,LR
473,Survived,2nd,female,23,0,0,13.8,Cherbourg,LR
474,Dead,3rd,female,22,0,0,9.8,Southampton,LR
475,Dead,1st,male,29,0,0,52.0,Southampton,LR
476,Dead,2nd,male,34,1,0,21.0,Southampton,LR
477,Dead,3rd,male,29,1,0,7.0,Southampton,LR
478,Dead,3rd,male,22,0,0,7.5,Southampton,LR
479,Survived,3rd,female,2,0,1,12.3,Southampton,LR
480,Dead,3rd,male,9,5,2,46.9,Southampton,HR
481,Dead,2nd,male,29,0,0,0.0,Southampton,LR
482,Dead,3rd,male,50,0,0,8.1,Southampton,LR
483,Survived,3rd,female,63,0,0,9.6,Southampton,LR
484,Survived,1st,male,25,1,0,91.1,Cherbourg,LR
485,Dead,3rd,female,29,3,1,25.5,Southampton,LR
486,Survived,1st,female,35,1,0,90.0,Southampton,LR
487,Dead,1st,male,58,0,0,29.7,Cherbourg,LR
488,Dead,3rd,male,30,0,0,8.1,Southampton,LR
489,Survived,3rd,male,9,1,1,15.9,Southampton,HR
490,Dead,3rd,male,29,1,0,20.0,Southampton,LR
491,Dead,3rd,male,21,0,0,7.2,Southampton,LR
492,Dead,1st,male,55,0,0,30.5,Southampton,LR
493,Dead,1st,male,71,0,0,49.5,Cherbourg,LR
494,Dead,3rd,male,21,0,0,8.1,Southampton,LR
495,Dead,3rd,male,29,0,0,14.5,Cherbourg,LR
496,Survived,1st,female,54,1,0,78.3,Cherbourg,LR
497,Dead,3rd,male,29,0,0,15.1,Southampton,LR
498,Dead,1st,female,25,1,2,151.6,Southampton,LR
499,Dead,3rd,male,24,0,0,7.8,Southampton,LR
500,Dead,3rd,male,17,0,0,8.7,Southampton,LR
501,Dead,3rd,female,21,0,0,7.8,Queenstown,LR
502,Dead,3rd,female,29,0,0,7.6,Queenstown,LR
503,Dead,3rd,female,37,0,0,9.6,Southampton,LR
504,Survived,1st,female,16,0,0,86.5,Southampton,LR
505,Dead,1st,male,18,1,0,108.9,Cherbourg,LR
506,Survived,2nd,female,33,0,2,26.0,Southampton,LR
507,Survived,1st,male,29,0,0,26.6,Southampton,LR
508,Dead,3rd,male,28,0,0,22.5,Southampton,LR
509,Survived,3rd,male,26,0,0,56.5,Southampton,LR
510,Survived,3rd,male,29,0,0,7.8,Queenstown,LR
511,Dead,3rd,male,29,0,0,8.1,Southampton,LR
512,Survived,1st,male,36,0,0,26.3,Southampton,LR
513,Survived,1st,female,54,1,0,59.4,Cherbourg,LR
514,Dead,3rd,male,24,0,0,7.5,Southampton,LR
515,Dead,1st,male,47,0,0,34.0,Southampton,LR
516,Survived,2nd,female,34,0,0,10.5,Southampton,LR
517,Dead,3rd,male,29,0,0,24.1,Queenstown,LR
518,Survived,2nd,female,36,1,0,26.0,Southampton,LR
519,Dead,3rd,male,32,0,0,7.9,Southampton,LR
520,Survived,1st,female,30,0,0,93.5,Southampton,LR
521,Dead,3rd,male,22,0,0,7.9,Southampton,LR
522,Dead,3rd,male,29,0,0,7.2,Cherbourg,LR
523,Survived,1st,female,44,0,1,58.0,Cherbourg,LR
524,Dead,3rd,male,29,0,0,7.2,Cherbourg,LR
525,Dead,3rd,male,40,0,0,7.8,Queenstown,LR
526,Survived,2nd,female,50,0,0,10.5,Southampton,LR
527,Dead,1st,male,29,0,0,221.8,Southampton,LR
528,Dead,3rd,male,39,0,0,7.9,Southampton,LR
529,Dead,2nd,male,23,2,1,11.5,Southampton,LR
530,Survived,2nd,female,2,1,1,26.0,Southampton,LR
531,Dead,3rd,male,29,0,0,7.2,Cherbourg,LR
532,Dead,3rd,male,17,1,1,7.2,Cherbourg,LR
533,Survived,3rd,female,29,0,2,22.4,Cherbourg,LR
534,Dead,3rd,female,30,0,0,8.7,Southampton,LR
535,Survived,2nd,female,7,0,2,26.2,Southampton,LR
536,Dead,1st,male,45,0,0,26.6,Southampton,HR
537,Survived,1st,female,30,0,0,106.4,Cherbourg,LR
538,Dead,3rd,male,29,0,0,14.5,Southampton,LR
539,Survived,1st,female,22,0,2,49.5,Cherbourg,LR
540,Survived,1st,female,36,0,2,71.0,Southampton,LR
541,Dead,3rd,female,9,4,2,31.3,Southampton,LR
542,Dead,3rd,female,11,4,2,31.3,Southampton,LR
543,Survived,2nd,male,32,1,0,26.0,Southampton,LR
544,Dead,1st,male,50,1,0,106.4,Cherbourg,LR
545,Dead,1st,male,64,0,0,26.0,Southampton,LR
546,Survived,2nd,female,19,1,0,26.0,Southampton,LR
547,Survived,2nd,male,29,0,0,13.9,Cherbourg,LR
548,Dead,3rd,male,33,1,1,20.5,Southampton,LR
549,Survived,2nd,male,8,1,1,36.8,Southampton,HR
550,Survived,1st,male,17,0,2,110.9,Cherbourg,LR
551,Dead,2nd,male,27,0,0,26.0,Southampton,LR
552,Dead,3rd,male,29,0,0,7.8,Queenstown,LR
553,Survived,3rd,male,22,0,0,7.2,Cherbourg,LR
554,Survived,3rd,female,22,0,0,7.8,Southampton,LR
555,Dead,1st,male,62,0,0,26.6,Southampton,LR
556,Survived,1st,female,48,1,0,39.6,Cherbourg,HR
557,Dead,1st,male,29,0,0,227.5,Cherbourg,LR
558,Survived,1st,female,39,1,1,79.7,Southampton,LR
559,Survived,3rd,female,36,1,0,17.4,Southampton,LR
560,Dead,3rd,male,29,0,0,7.8,Queenstown,LR
561,Dead,3rd,male,40,0,0,7.9,Southampton,LR
562,Dead,2nd,male,28,0,0,13.5,Southampton,LR
563,Dead,3rd,male,29,0,0,8.1,Southampton,LR
564,Dead,3rd,female,29,0,0,8.1,Southampton,LR
565,Dead,3rd,male,24,2,0,24.1,Southampton,LR
566,Dead,3rd,male,19,0,0,7.9,Southampton,LR
567,Dead,3rd,female,29,0,4,21.1,Southampton,LR
568,Dead,3rd,male,29,0,0,7.2,Cherbourg,LR
569,Survived,3rd,male,32,0,0,7.9,Southampton,LR
570,Survived,2nd,male,62,0,0,10.5,Southampton,LR
571,Survived,1st,female,53,2,0,51.5,Southampton,LR
572,Survived,1st,male,36,0,0,26.4,Southampton,LR
573,Survived,3rd,female,29,0,0,7.8,Queenstown,LR
574,Dead,3rd,male,16,0,0,8.1,Southampton,LR
575,Dead,3rd,male,19,0,0,14.5,Southampton,LR
576,Survived,2nd,female,34,0,0,13.0,Southampton,LR
577,Survived,1st,female,39,1,0,55.9,Southampton,LR
578,Dead,3rd,female,29,1,0,14.5,Cherbourg,LR
579,Survived,3rd,male,32,0,0,7.9,Southampton,LR
580,Survived,2nd,female,25,1,1,30.0,Southampton,LR
581,Survived,1st,female,39,1,1,110.9,Cherbourg,LR
582,Dead,2nd,male,54,0,0,26.0,Southampton,LR
583,Dead,1st,male,36,0,0,40.1,Cherbourg,LR
584,Dead,3rd,male,29,0,0,8.7,Cherbourg,LR
585,Survived,1st,female,18,0,2,79.7,Southampton,LR
586,Dead,2nd,male,47,0,0,15.0,Southampton,LR
587,Survived,1st,male,60,1,1,79.2,Cherbourg,LR
588,Dead,3rd,male,22,0,0,8.1,Southampton,LR
589,Dead,3rd,male,29,0,0,8.1,Southampton,LR
590,Dead,3rd,male,35,0,0,7.1,Southampton,LR
591,Survived,1st,female,52,1,0,78.3,Cherbourg,LR
592,Dead,3rd,male,47,0,0,7.2,Southampton,LR
593,Dead,3rd,female,29,0,2,7.8,Queenstown,LR
594,Dead,2nd,male,37,1,0,26.0,Southampton,LR
595,Dead,3rd,male,36,1,1,24.1,Southampton,LR
596,Survived,2nd,female,29,0,0,33.0,Southampton,LR
597,Dead,3rd,male,49,0,0,0.0,Southampton,LR
598,Dead,3rd,male,29,0,0,7.2,Cherbourg,LR
599,Survived,1st,male,49,1,0,56.9,Cherbourg,HR
600,Survived,2nd,female,24,2,1,27.0,Southampton,LR
601,Dead,3rd,male,29,0,0,7.9,Southampton,LR
602,Dead,1st,male,29,0,0,42.4,Southampton,LR
603,Dead,3rd,male,44,0,0,8.1,Southampton,LR
604,Survived,1st,male,35,0,0,26.6,Cherbourg,LR
605,Dead,3rd,male,36,1,0,15.6,Southampton,LR
606,Dead,3rd,male,30,0,0,7.9,Southampton,LR
607,Survived,1st,male,27,0,0,30.5,Southampton,LR
608,Survived,2nd,female,22,1,2,41.6,Cherbourg,LR
609,Survived,1st,female,40,0,0,153.5,Southampton,LR
610,Dead,3rd,female,39,1,5,31.3,Southampton,LR
611,Dead,3rd,male,29,0,0,7.0,Southampton,LR
612,Survived,3rd,female,29,1,0,15.5,Queenstown,LR
613,Dead,3rd,male,29,0,0,7.8,Queenstown,LR
614,Dead,3rd,male,35,0,0,8.1,Southampton,LR
615,Survived,2nd,female,24,1,2,65.0,Southampton,LR
616,Dead,3rd,male,34,1,1,14.4,Southampton,LR
617,Dead,3rd,female,26,1,0,16.1,Southampton,LR
618,Survived,2nd,female,4,2,1,39.0,Southampton,LR
619,Dead,2nd,male,26,0,0,10.5,Southampton,LR
620,Dead,3rd,male,27,1,0,14.5,Cherbourg,LR
621,Survived,1st,male,42,1,0,52.6,Southampton,LR
622,Survived,3rd,male,20,1,1,15.7,Cherbourg,LR
623,Dead,3rd,male,21,0,0,7.9,Southampton,LR
624,Dead,3rd,male,21,0,0,16.1,Southampton,LR
625,Dead,1st,male,61,0,0,32.3,Southampton,LR
626,Dead,2nd,male,57,0,0,12.3,Queenstown,HR
627,Survived,1st,female,21,0,0,78.0,Southampton,LR
628,Dead,3rd,male,26,0,0,7.9,Southampton,LR
629,Dead,3rd,male,29,0,0,7.7,Queenstown,LR
630,Survived,1st,male,80,0,0,30.0,Southampton,LR
631,Dead,3rd,male,51,0,0,7.1,Southampton,LR
632,Survived,1st,male,32,0,0,30.5,Cherbourg,HR
633,Dead,1st,male,29,0,0,0.0,Southampton,LR
634,Dead,3rd,female,9,3,2,27.9,Southampton,LR
635,Survived,2nd,female,28,0,0,13.0,Southampton,LR
636,Dead,3rd,male,32,0,0,7.9,Southampton,LR
637,Dead,2nd,male,31,1,1,26.2,Southampton,LR
638,Dead,3rd,female,41,0,5,39.7,Southampton,LR
639,Dead,3rd,male,29,1,0,16.1,Southampton,LR
640,Dead,3rd,male,20,0,0,7.9,Southampton,LR
641,Survived,1st,female,24,0,0,69.3,Cherbourg,LR
642,Dead,3rd,female,2,3,2,27.9,Southampton,LR
643,Survived,3rd,male,29,0,0,56.5,Southampton,LR
644,Survived,3rd,female,0,2,1,19.3,Cherbourg,LR
645,Survived,1st,male,48,1,0,76.7,Cherbourg,LR
646,Dead,3rd,male,19,0,0,7.9,Southampton,LR
647,Survived,1st,male,56,0,0,35.5,Cherbourg,HR
648,Dead,3rd,male,29,0,0,7.5,Southampton,LR
649,Survived,3rd,female,23,0,0,7.5,Southampton,LR
650,Dead,3rd,male,29,0,0,7.9,Southampton,LR
651,Survived,2nd,female,18,0,1,23.0,Southampton,LR
652,Dead,3rd,male,21,0,0,8.4,Southampton,LR
653,Survived,3rd,female,29,0,0,7.8,Queenstown,LR
654,Dead,3rd,female,18,0,0,6.8,Queenstown,LR
655,Dead,2nd,male,24,2,0,73.5,Southampton,LR
656,Dead,3rd,male,29,0,0,7.9,Southampton,LR
657,Dead,3rd,female,32,1,1,15.5,Queenstown,LR
658,Dead,2nd,male,23,0,0,13.0,Southampton,LR
659,Dead,1st,male,58,0,2,113.3,Cherbourg,LR
660,Survived,1st,male,50,2,0,133.7,Southampton,HR
661,Dead,3rd,male,40,0,0,7.2,Cherbourg,LR
662,Dead,1st,male,47,0,0,25.6,Southampton,LR
663,Dead,3rd,male,36,0,0,7.5,Southampton,LR
664,Survived,3rd,male,20,1,0,7.9,Southampton,LR
665,Dead,2nd,male,32,2,0,73.5,Southampton,LR
666,Dead,2nd,male,25,0,0,13.0,Southampton,LR
667,Dead,3rd,male,29,0,0,7.8,Southampton,LR
668,Dead,3rd,male,43,0,0,8.1,Southampton,LR
669,Survived,1st,female,29,1,0,52.0,Southampton,LR
670,Survived,2nd,female,40,1,1,39.0,Southampton,LR
671,Dead,1st,male,31,1,0,52.0,Southampton,LR
672,Dead,2nd,male,70,0,0,10.5,Southampton,LR
673,Survived,2nd,male,31,0,0,13.0,Southampton,LR
674,Dead,2nd,male,29,0,0,0.0,Southampton,LR
675,Dead,3rd,male,18,0,0,7.8,Southampton,LR
676,Dead,3rd,male,24,0,0,8.1,Southampton,LR
677,Survived,3rd,female,18,0,0,9.8,Southampton,LR
678,Dead,3rd,female,43,1,6,46.9,Southampton,LR
679,Survived,1st,male,36,0,1,512.3,Cherbourg,LR
680,Dead,3rd,female,29,0,0,8.1,Queenstown,LR
681,Survived,1st,male,27,0,0,76.7,Cherbourg,LR
682,Dead,3rd,male,20,0,0,9.2,Southampton,LR
683,Dead,3rd,male,14,5,2,46.9,Southampton,LR
684,Dead,2nd,male,60,1,1,39.0,Southampton,LR
685,Dead,2nd,male,25,1,2,41.6,Cherbourg,LR
686,Dead,3rd,male,14,4,1,39.7,Southampton,LR
687,Dead,3rd,male,19,0,0,10.2,Southampton,LR
688,Dead,3rd,male,18,0,0,7.8,Southampton,LR
689,Survived,1st,female,15,0,1,211.3,Southampton,LR
690,Survived,1st,male,31,1,0,57.0,Southampton,LR
691,Survived,3rd,female,4,0,1,13.4,Cherbourg,LR
692,Survived,3rd,male,29,0,0,56.5,Southampton,LR
693,Dead,3rd,male,25,0,0,7.2,Cherbourg,LR
694,Dead,1st,male,60,0,0,26.6,Southampton,HR
695,Dead,2nd,male,52,0,0,13.5,Southampton,LR
696,Dead,3rd,male,44,0,0,8.1,Southampton,LR
697,Survived,3rd,female,29,0,0,7.7,Queenstown,LR
698,Dead,1st,male,49,1,1,110.9,Cherbourg,LR
699,Dead,3rd,male,42,0,0,7.7,Southampton,LR
700,Survived,1st,female,18,1,0,227.5,Cherbourg,LR
701,Survived,1st,male,35,0,0,26.3,Southampton,LR
702,Dead,3rd,female,18,0,1,14.5,Cherbourg,LR
703,Dead,3rd,male,25,0,0,7.7,Queenstown,LR
704,Dead,3rd,male,26,1,0,7.9,Southampton,LR
705,Dead,2nd,male,39,0,0,26.0,Southampton,LR
706,Survived,2nd,female,45,0,0,13.5,Southampton,LR
707,Survived,1st,male,42,0,0,26.3,Southampton,LR
708,Survived,1st,female,22,0,0,151.6,Southampton,LR
709,Survived,3rd,male,29,1,1,15.2,Cherbourg,HR
710,Survived,1st,female,24,0,0,49.5,Cherbourg,LR
711,Dead,1st,male,29,0,0,26.6,Southampton,LR
712,Survived,1st,male,48,1,0,52.0,Southampton,LR
713,Dead,3rd,male,29,0,0,9.5,Southampton,LR
714,Dead,2nd,male,52,0,0,13.0,Southampton,LR
715,Dead,3rd,male,19,0,0,7.7,Southampton,LR
716,Survived,1st,female,38,0,0,227.5,Cherbourg,LR
717,Survived,2nd,female,27,0,0,10.5,Southampton,LR
718,Dead,3rd,male,29,0,0,15.5,Queenstown,LR
719,Dead,3rd,male,33,0,0,7.8,Southampton,LR
720,Survived,2nd,female,6,0,1,33.0,Southampton,LR
721,Dead,3rd,male,17,1,0,7.1,Southampton,LR
722,Dead,2nd,male,34,0,0,13.0,Southampton,LR
723,Dead,2nd,male,50,0,0,13.0,Southampton,LR
724,Survived,1st,male,27,1,0,53.1,Southampton,LR
725,Dead,3rd,male,20,0,0,8.7,Southampton,LR
726,Survived,2nd,female,30,3,0,21.0,Southampton,LR
727,Survived,3rd,female,29,0,0,7.7,Queenstown,LR
728,Dead,2nd,male,25,1,0,26.0,Southampton,LR
729,Dead,3rd,female,25,1,0,7.9,Southampton,LR
730,Survived,1st,female,29,0,0,211.3,Southampton,LR
731,Dead,3rd,male,11,0,0,18.8,Cherbourg,LR
732,Dead,2nd,male,29,0,0,0.0,Southampton,LR
733,Dead,2nd,male,23,0,0,13.0,Southampton,LR
734,Dead,2nd,male,23,0,0,13.0,Southampton,LR
735,Dead,3rd,male,28,0,0,16.1,Southampton,LR
736,Dead,3rd,female,48,1,3,34.4,Southampton,LR
737,Survived,1st,male,35,0,0,512.3,Cherbourg,LR
738,Dead,3rd,male,29,0,0,7.9,Southampton,LR
739,Dead,3rd,male,29,0,0,7.9,Southampton,LR
740,Survived,1st,male,29,0,0,30.0,Southampton,LR
741,Dead,1st,male,36,1,0,78.8,Southampton,LR
742,Survived,1st,female,21,2,2,262.4,Cherbourg,LR
743,Dead,3rd,male,24,1,0,16.1,Southampton,LR
744,Survived,3rd,male,31,0,0,7.9,Southampton,LR
745,Dead,1st,male,70,1,1,71.0,Southampton,HR
746,Dead,3rd,male,16,1,1,20.2,Southampton,LR
747,Survived,2nd,female,30,0,0,13.0,Southampton,LR
748,Dead,1st,male,19,1,0,53.1,Southampton,LR
749,Dead,3rd,male,31,0,0,7.8,Queenstown,LR
750,Survived,2nd,female,4,1,1,23.0,Southampton,LR
751,Survived,3rd,male,6,0,1,12.5,Southampton,HR
752,Dead,3rd,male,33,0,0,9.5,Southampton,LR
753,Dead,3rd,male,23,0,0,7.9,Southampton,LR
754,Survived,2nd,female,48,1,2,65.0,Southampton,LR
755,Survived,2nd,male,0,1,1,14.5,Southampton,HR
756,Dead,3rd,male,28,0,0,7.8,Southampton,LR
757,Dead,2nd,male,18,0,0,11.5,Southampton,LR
758,Dead,3rd,male,34,0,0,8.1,Southampton,LR
759,Survived,1st,female,33,0,0,86.5,Southampton,HR
760,Dead,3rd,male,29,0,0,14.5,Southampton,LR
761,Dead,3rd,male,41,0,0,7.1,Southampton,LR
762,Survived,3rd,male,20,0,0,7.2,Cherbourg,LR
763,Survived,1st,female,36,1,2,120.0,Southampton,LR
764,Dead,3rd,male,16,0,0,7.8,Southampton,LR
765,Survived,1st,female,51,1,0,78.0,Southampton,LR
766,Dead,1st,male,29,0,0,39.6,Cherbourg,HR
767,Dead,3rd,female,30,0,0,7.8,Queenstown,LR
768,Dead,3rd,male,29,1,0,24.1,Queenstown,LR
769,Dead,3rd,male,32,0,0,8.4,Southampton,LR
770,Dead,3rd,male,24,0,0,9.5,Southampton,LR
771,Dead,3rd,male,48,0,0,7.9,Southampton,LR
772,Dead,2nd,female,57,0,0,10.5,Southampton,LR
773,Dead,3rd,male,29,0,0,7.2,Cherbourg,LR
774,Survived,2nd,female,54,1,3,23.0,Southampton,LR
775,Dead,3rd,male,18,0,0,7.8,Southampton,LR
776,Dead,3rd,male,29,0,0,7.8,Queenstown,LR
777,Survived,3rd,female,5,0,0,12.5,Southampton,LR
778,Dead,3rd,male,29,0,0,7.7,Queenstown,LR
779,Survived,1st,female,43,0,1,211.3,Southampton,LR
780,Survived,3rd,female,13,0,0,7.2,Cherbourg,LR
781,Survived,1st,female,17,1,0,57.0,Southampton,LR
782,Dead,1st,male,29,0,0,30.0,Southampton,LR
783,Dead,3rd,male,29,1,2,23.4,Southampton,LR
784,Dead,3rd,male,25,0,0,7.0,Southampton,LR
785,Dead,3rd,male,25,0,0,7.2,Southampton,LR
786,Survived,3rd,female,18,0,0,7.5,Southampton,LR
787,Dead,3rd,male,8,4,1,29.1,Queenstown,HR
788,Survived,3rd,male,1,1,2,20.6,Southampton,HR
789,Dead,1st,male,46,0,0,79.2,Cherbourg,LR
790,Dead,3rd,male,29,0,0,7.8,Queenstown,LR
791,Dead,2nd,male,16,0,0,26.0,Southampton,LR
792,Dead,3rd,female,29,8,2,69.5,Southampton,LR
793,Dead,1st,male,29,0,0,30.7,Cherbourg,LR
794,Dead,3rd,male,25,0,0,7.9,Southampton,LR
795,Dead,2nd,male,39,0,0,13.0,Southampton,LR
796,Survived,1st,female,49,0,0,25.9,Southampton,HR
797,Survived,3rd,female,31,0,0,8.7,Southampton,LR
798,Dead,3rd,male,30,0,0,7.2,Cherbourg,LR
799,Dead,3rd,female,30,1,1,24.1,Southampton,LR
800,Dead,2nd,male,34,0,0,13.0,Southampton,LR
801,Survived,2nd,female,31,1,1,26.2,Southampton,LR
802,Survived,1st,male,11,1,2,120.0,Southampton,HR
803,Survived,3rd,male,0,0,1,8.5,Cherbourg,HR
804,Survived,3rd,male,27,0,0,7.0,Southampton,LR
805,Dead,3rd,male,31,0,0,7.8,Southampton,LR
806,Dead,1st,male,39,0,0,0.0,Southampton,LR
807,Dead,3rd,female,18,0,0,7.8,Southampton,LR
808,Dead,2nd,male,39,0,0,13.0,Southampton,LR
809,Survived,1st,female,33,1,0,53.1,Southampton,LR
810,Dead,3rd,male,26,0,0,7.9,Southampton,LR
811,Dead,3rd,male,39,0,0,24.1,Southampton,LR
812,Dead,2nd,male,35,0,0,10.5,Southampton,LR
813,Dead,3rd,female,6,4,2,31.3,Southampton,LR
814,Dead,3rd,male,30,0,0,8.1,Southampton,LR
815,Dead,1st,male,29,0,0,0.0,Southampton,LR
816,Dead,3rd,female,23,0,0,7.9,Southampton,LR
817,Dead,2nd,male,31,1,1,37.0,Cherbourg,LR
818,Dead,3rd,male,43,0,0,6.5,Southampton,LR
819,Dead,3rd,male,10,3,2,27.9,Southampton,HR
820,Survived,1st,female,52,1,1,93.5,Southampton,LR
821,Survived,3rd,male,27,0,0,8.7,Southampton,LR
822,Dead,1st,male,38,0,0,0.0,Southampton,HR
823,Survived,3rd,female,27,0,1,12.5,Southampton,LR
824,Dead,3rd,male,2,4,1,39.7,Southampton,HR
825,Dead,3rd,male,29,0,0,7.0,Queenstown,LR
826,Dead,3rd,male,29,0,0,56.5,Southampton,LR
827,Survived,2nd,male,1,0,2,37.0,Cherbourg,HR
828,Survived,3rd,male,29,0,0,7.8,Queenstown,LR
829,Survived,1st,female,62,0,0,80.0,Southampton,LR
830,Survived,3rd,female,15,1,0,14.5,Cherbourg,LR
831,Survived,2nd,male,0,1,1,18.8,Southampton,HR
832,Dead,3rd,male,29,0,0,7.2,Cherbourg,LR
833,Dead,3rd,male,23,0,0,7.9,Southampton,LR
834,Dead,3rd,male,18,0,0,8.3,Southampton,LR
835,Survived,1st,female,39,1,1,83.2,Cherbourg,LR
836,Dead,3rd,male,21,0,0,8.7,Southampton,LR
837,Dead,3rd,male,29,0,0,8.1,Southampton,LR
838,Survived,3rd,male,32,0,0,56.5,Southampton,LR
839,Survived,1st,male,29,0,0,29.7,Cherbourg,LR
840,Dead,3rd,male,20,0,0,7.9,Southampton,LR
841,Dead,2nd,male,16,0,0,10.5,Southampton,LR
842,Survived,1st,female,30,0,0,31.0,Cherbourg,LR
843,Dead,3rd,male,34,0,0,6.4,Cherbourg,LR
844,Dead,3rd,male,17,0,0,8.7,Southampton,LR
845,Dead,3rd,male,42,0,0,7.5,Southampton,LR
846,Dead,3rd,male,29,8,2,69.5,Southampton,LR
847,Dead,3rd,male,35,0,0,7.9,Cherbourg,LR
848,Dead,2nd,male,28,0,1,33.0,Southampton,HR
849,Survived,1st,female,29,1,0,89.1,Cherbourg,LR
850,Dead,3rd,male,4,4,2,31.3,Southampton,HR
851,Dead,3rd,male,74,0,0,7.8,Southampton,LR
852,Dead,3rd,female,9,1,1,15.2,Cherbourg,LR
853,Survived,1st,female,16,0,1,39.4,Southampton,LR
854,Dead,2nd,female,44,1,0,26.0,Southampton,LR
855,Survived,3rd,female,18,0,1,9.3,Southampton,LR
856,Survived,1st,female,45,1,1,164.9,Southampton,LR
857,Survived,1st,male,51,0,0,26.6,Southampton,LR
858,Survived,3rd,female,24,0,3,19.3,Cherbourg,LR
859,Dead,3rd,male,29,0,0,7.2,Cherbourg,LR
860,Dead,3rd,male,41,2,0,14.1,Southampton,LR
861,Dead,2nd,male,21,1,0,11.5,Southampton,LR
862,Survived,1st,female,48,0,0,25.9,Southampton,LR
863,Dead,3rd,female,29,8,2,69.5,Southampton,LR
864,Dead,2nd,male,24,0,0,13.0,Southampton,LR
865,Survived,2nd,female,42,0,0,13.0,Southampton,LR
866,Survived,2nd,female,27,1,0,13.9,Cherbourg,LR
867,Dead,1st,male,31,0,0,50.5,Southampton,LR
868,Dead,3rd,male,29,0,0,9.5,Southampton,LR
869,Survived,3rd,male,4,1,1,11.1,Southampton,HR
870,Dead,3rd,male,26,0,0,7.9,Southampton,LR
871,Survived,1st,female,47,1,1,52.6,Southampton,LR
872,Dead,1st,male,33,0,0,5.0,Southampton,LR
873,Dead,3rd,male,47,0,0,9.0,Southampton,LR
874,Survived,2nd,female,28,1,0,24.0,Cherbourg,LR
875,Survived,3rd,female,15,0,0,7.2,Cherbourg,LR
876,Dead,3rd,male,20,0,0,9.8,Southampton,LR
877,Dead,3rd,male,19,0,0,7.9,Southampton,LR
878,Dead,3rd,male,29,0,0,7.9,Southampton,LR
879,Survived,1st,female,56,0,1,83.2,Cherbourg,LR
880,Survived,2nd,female,25,0,1,26.0,Southampton,LR
881,Dead,3rd,male,33,0,0,7.9,Southampton,LR
882,Dead,3rd,female,22,0,0,10.5,Southampton,LR
883,Dead,2nd,male,28,0,0,10.5,Southampton,LR
884,Dead,3rd,male,25,0,0,7.0,Southampton,LR
885,Dead,3rd,female,39,0,5,29.1,Queenstown,LR
886,Dead,2nd,male,27,0,0,13.0,Southampton,HR
887,Survived,1st,female,19,0,0,30.0,Southampton,LR
888,Dead,3rd,female,29,1,2,23.4,Southampton,LR
889,Survived,1st,male,26,0,0,30.0,Cherbourg,LR
890,Dead,3rd,male,32,0,0,7.8,Queenstown,LR
